手机号,是否出席,出席人数,验证时间
"13311719509	",y,1,17:30:42
"18616103938	",y,2,18:12:07
"13681684062	",y,1,18:58:34
"13681710330	",y,1,18:23:04
"18721652725	",n,,
"13661633676	",y,1,18:18:57
"13817715719	",y,1,17:54:16
"13917173647	",n,,
"13816506132	",y,1,18:34:48
"13916721851	",y,1,18:42:19
"13120782588	",y,1,18:25:53
"13701697465	",y,1,18:48:00
"13636352460	",n,,
"18918779139	",y,1,17:32:03
"13564100814	",y,1,16:56:36
"13761617778	",y,2,16:56:31
"13166150860	",y,2,18:38:16
"13701604070	",y,1,18:21:58
"13916669185	",n,,
"13817398534	",n,,
"13917581680	",y,1,18:06:57
"13916838861	",n,,
"18001911967	",n,,
"13764016644	",n,,
"13816035398	",n,,
"18616658597	",y,1,19:22:20
"13817310651	",y,1,17:50:17
"13917483149	",n,,
"13764308479	",n,,
"18317132786	",n,,
"18918106788	",y,1,18:43:17
"13611749699	",n,,
"18101645921	",n,,
"13917553192	",y,1,18:11:53
"18917947197	",n,,
"13917039331	",y,1,19:02:49
"13960775356	",y,1,18:21:32
"13916200906	",y,1,17:01:07
"13162054806	",n,,
"17621882119	",n,,
"13641754325	",y,1,18:47:58
"13120798658	",n,,
"13817091804	",y,1,18:16:53
"13817877399	",y,1,18:27:07
"13512125728	",y,2,17:55:01
"13611876933	",n,,
"13482806011	",n,,
"13917235200	",n,,
"13764522006	",y,1,17:50:24
"13917038323	",y,1,17:38:54
"13331813136	",n,,
"13661404939	",y,1,18:05:51
"13916639126	",y,1,18:21:04
"13916343478	",y,1,18:43:11
"15316015528	",n,,
"18918561675	",y,1,17:55:24
"13917743566	",y,3人,18:08:45
"13482291935	",y,1,18:24:05
"13564351561	",n,,
"13661497187	",y,1,17:58:27
"15921483486	",y,1,17:28:29
"13901646343	",y,1,18:02:23
"13816565271	",n,,
"13817936155	",y,2,18:25:53
"13044118127	",y,1,18:01:56
"18918103439	",y,2,18:37:16
"13671988155	",y,2,19:08:13
"13817215720	",n,,
"13386285732	",n,,
"13917893815	",y,1,17:32:24
"18917054629	",y,2,18:41:15
"15901796518	",y,2,18:48:43
"13636586880	",n,,
"13818513666	",y,1,17:17:29
"18001608552	",y,2,18:14:12
"17717627836	",y,1,18:34:10
"13761725341	",n,,
"15900989522	",n,,
"13764205269	",y,1,18:39:50
"18201853799	",n,,
"13761856362	",y,1,17:28:39
"18916179627	",y,1,18:19:56
"13916020220	",n,,
"13023238353	",n,,
"13585532018	",y,1,18:56:07
"13788940985	",y,2,18:07:00
"13816815265	",y,1,19:08:18
"13916760778	",y,1,18:12:15
"18917530238	",y,1,18:22:14
"18930088907	",n,,
"13671734691	",n,,
"13916486573	",y,1,19:11:01
"18616712920	",y,1,18:04:31
"17811929121	",n,,
"13917998288	",n,,
"17717635356	",y,1,17:57:03
"13701713965	",y,1,17:40:37
"13818025238	",y,2,18:18:29
"13917116575	",y,1,17:20:42
"18918121512	",n,,
"13917786319	",n,,
"13788915877	",y,1,18:18:34
"13816372896	",y,1,17:52:10
"18616839132	",y,1,18:42:00
"17821453027	",n,,
"13512155175	",y,1,18:13:16
"18916958292	",n,,
"13761821559	",y,1,18:40:21
"13916774931	",y,1,18:18:14
"13916140894	",y,1,19:31:43
"14782374737	",n,,
"13918402089	",y,1,17:48:21
"13701784697	",y,1,18:07:38
"18018666320	",y,1,18:27:25
"18974994763	",n,,
"13918313259	",y,1,17:51:26
"15821668891	",y,2,17:14:57
"13003297798	",y,1,17:12:11
"17811965998	",n,,
"13817598339	",y,1,18:42:46
"13671589563	",y,1,18:20:30
"18616896650	",y,1,18:27:08
"18930975239	",n,,
"13818800531	",y,1,19:23:28
"13818805480	",y,1,18:32:20
"18930407090	",n,,
"13062750908	",n,,
"13611937683	",n,,
"13764788508	",y,1,18:52:34
"13917757349	",y,1,18:26:53
"18616022722	",y,1,17:43:28
"18019186992	",n,,
"18321073847	",n,,
"13681662827	",y,2,18:38:50
"13816569638	",n,,
"13788986395	",n,,
"18221652596	",y,1,17:24:18
"13402113620	",n,,
"18521030536	",n,,
"13917772374	",n,,
"13611983557	",n,,
"18321303281	",y,1,17:28:22
"13817871844	",n,,
"13816131557	",y,1,18:22:14
"18917397836	",n,,
"17317853860	",y,1,19:22:21
"13524597193	",n,,
"13331909399	",y,1,18:52:42
"18616619575	",n,,
"18049935572	",n,,
"13916370906	",n,,
"18621855257	",y,1,17:28:29
"15601884918	",n,,
"17321287325	",n,,
"13916741326	",y,1,17:51:40
"13636319663	",y,1,18:41:04
"13667155936	",y,1,18:49:13
"18616957197	",y,2,16:49:14
"13917052086	",y,1,18:25:21
"13760696695	",y,3人,18:26:46
"18055378326	",y,1,18:18:14
"18101875033	",y,1,18:34:03
"15316107397	",n,,
"13917002417	",n,,
"19514613193	",y,1,18:28:06
"13817092211	",n,,
"18930067976	",y,1,17:36:37
"15900572955	",n,,
"13910197147	",y,1,18:30:46
"13817104510	",y,1,18:33:52
"18016286853	",y,1,18:21:21
"15026692688	",y,2,18:37:10
"13818934381	",y,1,17:58:48
"13817965534	",n,,
"15221859394	",n,,
"15921063301	",y,1,18:14:14
"13331813915	",y,1,17:53:30
"18917521558	",y,1,18:13:28
"15921726468	",y,2,18:26:27
"13761550823	",n,,
"18101804815	",n,,
"18717938135	",y,1,18:52:46
"13002105867	",n,,
"18017622638	",y,1,18:15:25
"18221387588	",n,,
"15001961509	",y,1,18:56:58
"13917885109	",y,2,17:37:41
"13611872265	",y,2,17:43:15
"13761913983	",n,,
"13901674339	",n,,
"13764980224	",y,1,18:11:28
"13901677707	",n,,
"13816945887	",y,1,18:27:16
"13906638193	",y,1,18:22:24
"18801927241	",y,1,19:09:01
"18017305380	",y,2,18:37:43
"18901785080	",n,,
"13512134066	",y,1,18:06:35
"13916000594	",n,,
"18516205791	",n,,
"13917721001	",y,1,17:52:09
"15921872783	",y,2,18:10:37
"13801755285	",y,2,18:49:28
"18101814266	",y,2,18:53:05
"15601922300	",y,1,19:30:04
"13816223942	",y,2,16:58:35
"13636397502	",y,1,18:44:10
"18918382068	",n,,
"13701833962	",y,2,18:22:34
"13916255597	",y,1,17:52:06
"13816722130	",y,1,17:50:26
"13671744880	",y,1,18:07:07
"18621810362	",n,,
"13916657766	",n,,
"18101679639	",y,1,18:03:51
"18930446118	",y,2,18:25:26
"18930821765	",y,1,18:04:15
"13166167718	",y,2,18:01:56
"15921200194	",y,1,18:21:11
"13817084469	",y,1,17:40:40
"13218532233	",n,,
"13918025875	",n,,
"18913228174	",n,,
"13817815956	",n,,
"18998823369	",n,,
"13501826519	",y,1,18:34:25
"13916995735	",y,1,18:18:11
"13916075095	",y,1,18:28:41
"18017100608	",y,1,18:07:10
"13918865149	",n,,
"13918273795	",y,1,18:21:15
"15618984371	",y,1,18:29:32
"18682261356	",n,,
"13585716097	",y,1,18:22:13
"15821812253	",n,,
"13916100372	",y,1,18:54:10
"13816117830	",y,2,17:10:38
"13795498878	",n,,
"18017583566	",y,1,18:05:33
"13501651438	",y,1,17:54:11
"13651997746	",y,2,18:25:57
"18917551981	",y,3人,17:46:25
"13916557403	",y,1,18:55:03
"13917039702	",y,1,18:07:07
"13764590234	",y,1,18:05:33
"13564299506	",y,2,17:52:59
"13816928311	",y,1,17:24:26
"13701694569	",y,1,19:31:26
"13817109351	",y,1,18:29:59
"13524077318	",y,1,18:30:10
"15601864990	",n,,
"13585583028	",y,1,18:04:48
"13386018767	",y,1,19:30:13
"13816016793	",y,1,17:50:28
"18918926183	",y,2,17:47:49
"13761638958	",y,1,18:14:06
"15801954186	",n,,
"18121048188	",n,,
"18621962970	",n,,
"13917511003	",y,1,18:18:00
"13662797875	",n,,
"13918988337	",n,,
"13801976321	",n,,
"13501859988	",y,1,17:51:29
"18964619697	",y,1,18:11:58
"13127662816	",n,,
"13917439909	",y,1,18:31:41
"13918809854	",y,1,19:03:02
"13213227843	",y,1,19:01:53
"19916700263	",y,1,19:02:35
"13761353195	",y,1,18:17:55
"15900515626	",n,,
"18652628788	",n,,
"18217518770	",y,2,18:11:43
"13166382800	",n,,
"17717631875	",n,,
"13916708243	",y,1,17:36:30
"18964367577	",n,,
"13818044343	",n,,
"15026721606	",n,,
"13918444125	",y,1,17:25:16
"18917671382	",y,1,17:08:08
"13636332215	",y,1,17:28:34
"18121250826	",y,1,17:32:12
"13817671911	",y,1,18:31:58
"13818276725	",n,,
"18012776593	",n,,
"13816933936	",y,1,18:30:04
"18521359681	",n,,
"13641847611	",y,1,18:11:28
"13601922906	",y,1,17:55:24
"15216791228	",y,1,18:37:39
"13611844720	",n,,
"18616150726	",y,1,17:45:15
"13817825932	",n,,
"15921937553	",y,1,17:20:53
"13564984663	",y,1,18:38:40
"13621975578	",n,,
"15000681820	",n,,
"13818736868	",n,,
"13818943858	",n,,
"18116179767	",y,1,18:36:03
"13524858736	",n,,
"18018313262	",y,1,18:20:02
"13916320925	",y,1,18:51:10
"13818593946	",y,1,18:08:41
"13817205613	",y,1,18:21:46
"15900851945	",y,2,18:34:29
"13917104073	",n,,
"13774371686	",n,,
"13916859335	",y,1,17:40:28
"13917553132	",y,1,18:52:33
"18321080907	",n,,
"18621686521	",y,1,18:14:17
"13916899539	",n,,
"15921960453	",n,,
"13918728690	",y,1,17:21:49
"15002117547	",n,,
"18621668744	",n,,
"13764799157	",y,1,18:10:30
"18521091216	",y,1,18:40:58
"13918252335	",y,1,18:21:16
"13564420063	",n,,
"18117455140	",y,1,18:51:33
"18918282689	",y,1,18:05:43
"13818335582	",y,1,18:25:21
"18930520669	",n,,
"18017446603	",n,,
"13918235611	",n,,
"13564324639	",n,,
"13916611664	",n,,
"13817323450	",y,2,18:08:56
"13482634599	",y,2,17:12:15
"13817223737	",n,,
"13817177453	",y,1,17:57:58
"13916380350	",n,,
"13916180294	",y,1,18:47:58
"13501917005	",n,,
"18916736000	",y,1,18:01:56
"13916439195	",n,,
"15312951530	",n,,
"18001603335	",y,1,17:44:53
"13661962083	",n,,
"13386163293	",y,1,18:23:49
"13371831527	",n,,
"13564255864	",n,,
"15711666906	",n,,
"13482201749	",n,,
"13917994843	",n,,
"13501811094	",n,,
"13801801941	",n,,
"13641988673	",n,,
"13801956767	",y,1,17:21:04
"13901859216	",n,,
"13764114819	",y,1,19:00:14
"13917788910	",n,,
"13917048417	",n,,
"18930315046	",n,,
"13761336266	",n,,
"13524156876	",y,1,17:59:31
"15618515617	",y,1,17:34:53
"13917568968	",y,1,18:42:03
"13391016866	",n,,
"13817655187	",y,1,17:06:28
"13601749562	",y,1,18:26:56
"18019745410	",y,1,16:45:49
"13062604827	",y,1,18:39:44
"13788925815	",y,1,18:26:16
"18501656706	",y,1,18:40:11
"13699119525	",y,1,18:46:49
"18616816073	",y,1,18:59:12
"13501845775	",y,1,17:35:50
"13816943508	",y,1,18:43:15
"18119676050	",n,,
"18516115864	",y,1,18:26:51
"13817933172	",n,,
"15502141611	",y,1,18:42:11
"16602188606	",y,1,17:04:54
"13917405443	",y,1,17:58:32
"13917860702	",y,1,17:57:00
"15800931596	",y,1,19:08:44
"18019430920	",n,,
"13918004531	",n,,
"13564031711	",y,1,17:32:33
"13916715323	",y,1,18:38:54
"18617090338	",n,,
"18616519253	",y,1,18:23:11
"13585095371	",n,,
"15618029861	",y,2,18:48:38
"13524098586	",n,,
"13020260722	",y,1,18:21:13
"13817688823	",y,1,17:55:50
"18101896089	",y,1,17:58:55
"13816788587	",n,,
"13564320526	",y,1,18:29:48
"18017565775	",n,,
"15319241070	",y,2,17:45:59
"15221622708	",y,1,18:04:27
"18930526243	",n,,
"18017762006	",y,1,18:14:07
"13371955501	",y,1,18:07:21
"15618398796	",y,1,18:20:47
"13795491346	",y,1,18:40:16
"18616535872	",y,1,18:35:35
"18917333897	",n,,
"13564789112	",y,1,18:55:15
"13916586694	",n,,
"13816621283	",y,1,17:57:58
"18621186292	",n,,
"13817177200	",y,1,18:17:18
"18117283646	",y,2,18:09:27
"18521301929	",y,1,18:07:17
"13916954175	",y,1,18:38:18
"13918307083	",y,1,18:30:34
"15902169010	",n,,
"18817433325	",n,,
"16628736994	",n,,
"15316722231	",n,,
"13661608390	",n,,
"13918039839	",y,1,16:56:23
"13918293176	",n,,
"13651614585	",n,,
"13774242983	",y,1,18:45:55
"18516761896	",y,1,18:07:18
"13482440031	",n,,
"13391150751	",n,,
"15102188669	",y,1,18:11:35
"13917175273	",y,1,17:47:34
"13917418941	",n,,
"15921033088	",y,1,18:25:16
"13816262055	",n,,
"15921354533	",y,2,18:26:27
"13166012226	",y,1,17:28:21
"13816968791	",y,2,17:59:29
"13671881906	",y,1,18:26:47
"13685111518	",n,,
"18616631750	",y,2,18:06:48
"16621388186	",y,1,18:03:29
"13585979682	",n,,
"13774232511	",n,,
"15921438069	",n,,
"13817616585	",n,,
"13501823863	",n,,
"15900825728	",y,2,18:26:38
"13761033437	",y,1,18:18:34
"17701815881	",y,1,18:21:31
"18516520905	",y,2,19:08:06
"13795297411	",y,1,18:10:39
"18918120270	",n,,
"18918207348	",y,2,18:08:42
"13917380701	",y,2,18:14:04
"13918563762	",y,1,16:37:08
"13917894782	",y,1,18:39:46
"13512197158	",n,,
"18930787045	",y,1,18:45:32
"15001897762	",n,,
"17318291424	",n,,
"15821007120	",y,1,18:19:28
"13621803319	",n,,
"13636339611	",y,1,17:51:09
"13917438212	",y,1,18:07:38
"13816361192	",n,,
"19901798719	",y,2,18:29:17
"13641857751	",n,,
"17717533993	",n,,
"13402132166	",y,1,18:25:38
"13501908336	",n,,
"13918679229	",n,,
"18917976373	",y,2,18:25:31
"18913237421	",y,1,18:15:56
"13818015825	",y,1,18:26:28
"18916656095	",n,,
"18621591833	",y,1,19:10:00
"18621660776	",n,,
"13916538735	",y,1,18:19:14
"13801809228	",y,1,17:39:33
"18121008829	",n,,
"13122893311	",n,,
"13761068802	",n,,
"18621266969	",n,,
"13817983216	",n,,
"13585509812	",n,,
"18621119180	",y,1,18:25:14
"13817170907	",n,,
"13916719553	",y,1,18:36:09
"18918286511	",n,,
"18516200338	",n,,
"18521410515	",y,1,18:51:12
"13817683814	",y,1,18:06:56
"13601601550	",n,,
"13774249003	",y,1,18:17:12
"13501916425	",n,,
"13681931121	",n,,
"15921968437	",n,,
"17612159664	",n,,
"15800304866	",y,1,18:08:30
"13661467133	",y,1,18:48:04
"18918733935	",n,,
"17717684292	",n,,
"18691056881	",n,,
"13818606672	",y,1,17:42:44
"18621122168	",y,1,17:55:46
"18621182290	",y,1,17:47:48
"15162119555	",n,,
"18621267703	",n,,
"13816262068	",y,1,18:20:42
"15021332547	",n,,
"18918924825	",n,,
"18149789651	",n,,
"13916748890	",y,1,17:55:55
"13361919989	",n,,
"18012755060	",y,1,18:08:43
"18930143707	",n,,
"13818396390	",n,,
"18217341090	",y,1,18:01:55
"13816778297	",y,1,17:43:37
"18502115373	",n,,
"18001771079	",n,,
"13764257606	",y,1,18:28:02
"13901793815	",n,,
"15618691382	",n,,
"13120953534	",n,,
"13681899266	",y,1,18:19:16
"18916666396	",n,,
"13611826176	",n,,
"18217093110	",y,1,17:58:00
"13918311868	",y,2,18:36:07
"13611753564	",y,1,18:02:00
"13651740841	",y,1,18:59:54
"18917786750	",n,,
"13916071626	",y,3人,18:20:09
"18621938541	",y,1,18:26:29
"18321673272	",n,,
"18621838520	",n,,
"13585779259	",n,,
"13524388157	",y,1,17:12:41
"15821763519	",y,1,18:27:14
"13916158591	",y,1,18:27:01
"17321250991	",y,1,19:00:49
"13917735050	",y,1,18:05:44
"18217368497	",n,,
"13764318608	",n,,
"13816958186	",y,1,18:23:25
"13661698901	",y,1,18:32:23
"15800503548	",y,1,19:08:55
"13917870733	",n,,
"13917374809	",y,1,18:18:17
"15801989471	",n,,
"13917642830	",y,1,18:53:54
"13917678804	",y,1,18:28:19
"18016394408	",n,,
"13774364221	",n,,
"13818396687	",y,1,18:04:30
"15821279297	",n,,
"18621957036	",y,1,17:51:31
"13564726468	",y,2,18:26:46
"18217031805	",n,,
"13501698267	",n,,
"13918859319	",y,1,17:28:33
"13917552487	",n,,
"13524614022	",y,1,18:14:01
"13166490225	",n,,
"13818686386	",n,,
"13917273991	",y,1,18:44:15
"18616790588	",n,,
"18117257109	",y,1,17:33:10
"15601830962	",y,1,18:13:05
"18916017884	",n,,
"13801768104	",y,1,18:10:44
"15921842613	",n,,
"18516150407	",y,1,17:59:41
"15800980821	",y,1,18:37:05
"18616609186	",n,,
"13917037557	",y,1,18:28:19
"17765179688	",n,,
"13818083704	",n,,
"13817368799	",y,1,17:56:02
"15800345767	",y,1,18:40:16
"13818182519	",n,,
"13816378772	",y,1,18:45:30
"13918269900	",n,,
"13816475651	",n,,
"18001817407	",n,,
"18616594791	",y,1,18:19:28
"13524037752	",n,,
"18616648412	",n,,
"18939767763	",n,,
"13585853127	",y,2,17:56:03
"18516231156	",y,1,17:31:50
"18602112277	",y,1,18:15:43
"13816787997	",n,,
"13816658917	",y,1,18:55:14
"13817943353	",y,1,18:07:02
"13917833269	",n,,
"17898821370	",n,,
"13901841683	",n,,
"18918965292	",y,1,18:02:12
"18001814386	",n,,
"13816635619	",n,,
"15921010256	",y,2,18:40:54
"18918851207	",n,,
"13901643988	",y,2,16:58:41
"13761098322	",n,,
"13651682437	",y,1,18:07:16
"13681981775	",n,,
"13816929382	",n,,
"18561953607	",n,,
"15601817616	",n,,
"15102159006	",y,2,17:37:39
"18621236677	",y,2,18:18:59
"13816117859	",y,1,18:29:53
"18121306886	",y,1,18:18:19
"18017886646	",y,1,17:43:22
"18516120323	",n,,
"13818801195	",y,1,18:35:53
"13611733107	",y,1,18:14:08
"13916746926	",y,1,18:47:23
"13917729701	",y,1,18:03:09
"15000705931	",n,,
"13761356248	",n,,
"13816684159	",y,2,17:58:31
"13761683806	",n,,
"13817169439	",n,,
"13916630375	",n,,
"17316597075	",y,1,17:58:48
"19145444295	",y,1,18:29:55
"13917310857	",y,1,17:24:28
"13917755478	",n,,
"13564190899	",y,1,18:37:37
"13636598805	",n,,
"13817187306	",y,2,18:59:21
"13918451368	",n,,
"15618913897	",n,,
"15216885611	",n,,
"18918790266	",y,1,18:35:06
"13918064020	",n,,
"13621730164	",n,,
"18916067325	",n,,
"13761443162	",y,1,18:25:47
"15821572709	",y,1,18:12:47
"13361977995	",y,1,18:42:40
"15800409917	",n,,
"15900799567	",n,,
"13671811989	",y,1,17:33:46
"13564657266	",y,1,17:52:22
"13601748060	",n,,
"13564045062	",n,,
"13818384880	",y,1,18:27:56
"15001802470	",y,1,18:42:25
"18621932119	",n,,
"18616537668	",n,,
"13681601277	",y,1,17:44:50
"13917305350	",n,,
"18616350127	",n,,
"18939924142	",n,,
"13061781378	",n,,
"13817955311	",y,2,19:00:02
"19145444244	",y,1,18:21:34
"13381588851	",y,1,18:23:26
"13636378419	",n,,
"13917427692	",n,,
"18917564956	",y,1,17:50:24
"13801967542	",y,2,18:21:38
"13816561965	",n,,
"13020286384	",y,1,18:36:49
"15941149804	",n,,
"13917443656	",n,,
"13917851390	",y,1,17:58:34
"13917023139	",y,1,18:26:29
"13818904050	",n,,
"17317288118	",y,1,18:31:45
"13918078286	",y,1,17:36:31
"13816946602	",n,,
"13386022565	",n,,
"18964196073	",y,1,18:34:43
"13818228917	",y,1,17:54:04
"18901786561	",y,1,18:43:20
"18616864608	",n,,
"17317897902	",y,1,18:52:51
"13381825789	",n,,
"13816040936	",y,1,18:16:53
"15921105418	",n,,
"13651944908	",n,,
"13817975933	",y,1,18:04:32
"13817369058	",y,1,18:23:29
"18601601606	",n,,
"13585892432	",n,,
"18121002870	",y,2,16:49:39
"18017463992	",n,,
"15000281221	",y,1,18:34:02
"13918116060	",n,,
"13818544923	",y,1,18:11:37
"13774243845	",n,,
"13918299046	",y,2,19:00:14
"13917379131	",y,1,18:00:15
"13918143819	",y,1,17:45:58
"13770715252	",n,,
"13918675292	",y,1,18:40:14
"13651837695	",n,,
"13917226584	",y,1,17:50:42
"13651858710	",n,,
"15317319589	",n,,
"13918834318	",n,,
"13818622483	",n,,
"15800653750	",n,,
"13402099638	",n,,
"13918261365	",n,,
"18701806079	",n,,
"13052102689	",y,1,19:30:59
"13681963015	",n,,
"13918248303	",n,,
"13916666610	",y,1,17:47:05
"18721639210	",n,,
"18521569410	",y,1,18:33:06
"13482472946	",n,,
"13937159811	",y,1,22:58:56
"13917604096	",y,1,18:41:05
"13621991697	",n,,
"15921305351	",y,1,18:04:31
"18221806280	",n,,
"15388115668	",n,,
"18621835517	",y,1,16:56:34
"13764575612	",y,1,18:45:34
"13601752071	",n,,
"13564568064	",n,,
"18018667379	",y,1,17:32:16
"13564651353	",n,,
"13817233151	",y,1,18:12:11
"13661770259	",n,,
"18964861693	",y,1,18:09:18
"13818874487	",y,1,17:27:54
"13761980659	",n,,
"18918452031	",y,1,18:34:15
"13917572380	",y,1,18:07:05
"13482641558	",y,1,18:25:45
"15921423926	",y,1,18:12:11
"18616852926	",n,,
"18964631839	",y,1,16:56:48
"13501973056	",n,,
"13501657867	",n,,
"13818971443	",y,1,17:28:30
"15921223956	",n,,
"13501641839	",y,1,17:28:44
"13501938415	",y,1,18:45:01
"13601680243	",n,,
"13817377008	",n,,
"13917947036	",n,,
"13323827763	",n,,
"13564403234	",y,1,17:13:09
"18602118172	",n,,
"13918247637	",n,,
"15316735075	",n,,
"17701820413	",n,,
"13524643615	",y,1,19:56:54
"13512190406	",y,1,18:12:47
"13917797266	",y,1,18:12:17
"13681889485	",n,,
"13127765929	",y,1,18:40:06
"13671504666	",y,1,18:12:09
"15821928935	",n,,
"15221144993	",n,,
"13818141862	",n,,
"13564009362	",y,1,18:21:20
"13916581233	",n,,
"13032109917	",n,,
"13801649334	",y,1,18:24:06
"13032137127	",y,1,18:11:29
"13701787319	",n,,
"18601685206	",n,,
"18610059058	",y,2,19:05:53
"18621830591	",n,,
"13817365335	",y,1,17:50:45
"18117016523	",n,,
"18101677619	",n,,
"13651866309	",y,2,19:02:13
"13817772860	",y,1,18:49:48
"13501905925	",y,1,18:26:46
"13681922929	",y,1,20:33:42
"18516200307	",y,1,18:30:17
"13661963391	",n,,
"13916485168	",n,,
"18149723718	",n,,
"18018100113	",n,,
"13917623454	",y,2,18:28:28
"15201713386	",y,1,18:22:36
"18018503017	",n,,
"13818641362	",n,,
"18721113357	",n,,
"13585890487	",y,2,18:20:15
"15821203668	",n,,
"13391203405	",y,1,18:08:43
"13916152337	",y,2,17:50:16
"13564687733	",y,1,17:05:13
"13671791912	",y,2,18:10:32
"13564526476	",n,,
"17717307247	",n,,
"13816472511	",n,,
"15000590060	",y,1,19:20:22
"19302164558	",n,,
"13917149118	",y,1,18:10:41
"13917890851	",y,1,17:32:31
"13917615963	",y,2,18:39:04
"18916588348	",y,1,18:20:12
"13817279817	",n,,
"13918121537	",y,1,17:30:51
"18516191975	",y,1,17:40:34
"13564044668	",n,,
"13918196062	",y,2,18:53:10
"13816923057	",y,1,18:28:12
"18501624482	",n,,
"18621865138	",y,1,18:35:55
"13918185612	",y,1,18:20:13
"15001871120	",n,,
"13386280673	",y,1,18:16:48
"13585722833	",n,,
"13601787870	",n,,
"13788912955	",y,1,18:16:42
"13621829835	",n,,
"13917305850	",n,,
"18616591698	",n,,
"13585962802	",n,,
"15221226618	",y,1,18:32:55
"13817124865	",y,1,18:30:35
"15601819665	",n,,
"15900876633	",n,,
"15800578881	",n,,
"18917896228	",n,,
"15821250656	",n,,
"13651875176	",y,1,17:50:23
"13472832107	",y,1,18:02:05
"13386204663	",y,1,18:16:50
"13501755786	",y,1,18:42:06
"13651880655	",n,,
"13651731255	",y,1,18:26:06
"18017005615	",n,,
"13818901386	",n,,
"18918561995	",n,,
"13621648923	",n,,
"18602115575	",n,,
"13916722216	",n,,
"15000827599	",y,1,18:14:41
"13917291089	",n,,
"13601602727	",n,,
"15221839958	",y,1,18:07:22
"13761593959	",y,2,18:10:34
"13816130219	",n,,
"17302159612	",y,1,18:14:59
"13636312804	",y,1,17:26:17
"13361886169	",y,2,18:54:51
"13764242689	",n,,
"13801909544	",n,,
"13611784595	",y,2,18:23:41
"13681832228	",n,,
"15821400030	",n,,
"18501726846	",n,,
"13917104282	",y,1,17:59:26
"13701707315	",y,2,18:18:05
"13901627791	",n,,
"15000939501	",y,1,17:38:50
"18918228805	",y,2,18:24:16
"18516308315	",n,,
"13512177226	",n,,
"18116156960	",n,,
"18721277118	",n,,
"13472413436	",y,2,17:46:00
"13801761926	",n,,
"13818237640	",n,,
"13661723182	",y,2,17:52:31
"13701619007	",n,,
"13661872290	",y,1,18:13:41
"18917063330	",n,,
"13817580163	",y,1,18:12:00
"18019265411	",y,1,18:37:53
"18018511696	",y,1,18:21:05
"13052338050	",n,,
"13391355130	",n,,
"13918436486	",n,,
"17317957986	",n,,
"13918343946	",n,,
"13918686639	",y,2,17:41:09
"13611981301	",y,2,18:01:20
"13795479508	",y,2,18:37:23
"13918039837	",y,1,18:08:39
"13918073519	",n,,
"18918802240	",n,,
"13916638969	",y,1,18:14:31
"13026481273	",n,,
"13681681791	",y,1,18:44:27
"19916557644	",n,,
"13611660939	",n,,
"13816677477	",y,1,18:41:01
"18930259406	",y,1,18:34:08
"18502187979	",y,1,18:34:05
"13761056743	",y,1,17:25:13
"18049706506	",y,2,17:44:42
"13501904322	",y,1,17:52:11
"13918508955	",n,,
"15900756285	",y,2,17:21:02
"13818761260	",n,,
"18616399183	",n,,
"17621433143	",y,1,19:18:35
"13601661338	",n,,
"13916506861	",n,,
"13817517787	",n,,
"13918301898	",y,1,18:25:51
"13611628001	",n,,
"13040699240	",y,2,18:19:32
"13916561366	",n,,
"15221432707	",y,1,18:08:50
"13651701450	",n,,
"13818068374	",n,,
"13641686286	",n,,
"18918113280	",n,,
"18001718115	",y,1,18:11:38
"13564456608	",y,1,18:08:27
"15618901658	",n,,
"17321244319	",y,2,19:06:09
"13818859256	",n,,
"13501804862	",n,,
"15021616830	",n,,
"13916120899	",y,1,18:23:38
"18001744935	",n,,
"13310195960	",y,2,17:19:30
"13901993510	",y,2,18:31:09
"13918434875	",y,1,17:20:02
"13564967991	",y,1,18:48:04
"13386101919	",y,1,18:24:10
"13585804756	",n,,
"13917272507	",y,1,18:21:44
"13501818785	",y,1,17:28:41
"13681632060	",y,1,16:17:01
"13818874216	",n,,
"13023274643	",y,1,18:51:09
"13162889111	",y,2,18:08:45
"15021887801	",y,1,20:58:48
"13917753509	",y,1,17:34:50
"13901983463	",n,,
"18768143739	",y,2,17:57:44
"13701774739	",n,,
"13816829155	",y,1,17:57:04
"18601723011	",n,,
"13916491593	",n,,
"13817009201	",n,,
"13764423099	",n,,
"18660722544	",y,2,18:04:02
"13916243263	",y,1,17:46:31
"15022101395	",n,,
"13817863360	",n,,
"15001980761	",y,1,20:58:45
"13671863465	",y,1,18:34:44
"13701609113	",n,,
"13776214743	",n,,
"18116262739	",y,1,18:32:17
"13061680096	",y,1,19:08:40
"13632235357	",y,1,17:24:10
"13585821578	",n,,
"13501843344	",y,1,18:26:49
"13916221682	",n,,
"13601879226	",y,1,18:16:46
"13651989971	",y,1,18:23:08
"15800379328	",n,,
"15221625887	",n,,
"18918374188	",n,,
"18621631870	",y,2,17:46:02
"18516383826	",y,1,19:17:37
"13701699446	",n,,
"13524969690	",y,2,18:35:25
"13311826002	",n,,
"13161890130	",y,1,17:05:19
"13371896139	",y,2,18:24:02
"15021957753	",y,3人,18:40:15
"15900875828	",n,,
"13482496760	",n,,
"13817935024	",n,,
"18217757419	",y,1,18:31:27
"13062729369	",n,,
"13795293877	",n,,
"13817756677	",n,,
"19955325888	",y,1,18:27:50
"13816012533	",n,,
"13761293950	",n,,
"18338337550	",y,1,18:21:46
"18930059866	",n,,
"13917609779	",n,,
"18516738392	",n,,
"13916293321	",n,,
"13564526443	",n,,
"13917628352	",y,1,18:03:22
"13816005990	",y,1,18:53:50
"13918284911	",n,,
"13918707217	",n,,
"18017274785	",n,,
"18601639185	",n,,
"13918600415	",n,,
"13817777874	",y,1,17:44:56
"13651624726	",y,1,18:30:19
"13916916279	",y,1,17:30:41
"13651734553	",y,1,18:01:48
"13585961097	",n,,
"15921869359	",n,,
"13636560707	",n,,
"15216634056	",n,,
"18516020818	",n,,
"18621285728	",n,,
"15001703668	",y,1,18:45:37
"13818797496	",y,1,18:41:15
"13816889859	",y,1,18:33:10
"13331976579	",n,,
"18016031682	",n,,
"13817973725	",n,,
"15202189611	",y,1,18:59:23
"13818610841	",n,,
"15921521916	",y,1,17:34:46
"13472884270	",n,,
"15001907299	",n,,
"13916837744	",n,,
"13816901612	",n,,
"17717917708	",n,,
"13564177309	",n,,
"13661669272	",n,,
"13764450532	",n,,
"13816974010	",y,1,18:54:02
"13916878640	",y,1,18:46:57
"13916310913	",n,,
"15618670388	",y,1,18:58:08
"13918900623	",n,,
"18930688628	",n,,
"13917972666	",y,1,18:12:03
"13917250795	",n,,
"17717577723	",n,,
"18616654433	",n,,
"13052002821	",n,,
"18121369688	",n,,
"13701607098	",y,1,18:13:01
"13788981898	",n,,
"13601982159	",n,,
"13761332024	",y,1,17:37:37
"13818551909	",n,,
"15026881607	",n,,
"18621661665	",n,,
"15801963225	",y,2,18:37:12
"18049830915	",n,,
"13918471716	",y,1,18:21:40
"13816426488	",n,,
"15601956186	",y,2,18:14:08
"13774224983	",y,1,18:07:09
"18616535621	",n,,
"13585955561	",n,,
"18516298679	",n,,
"18116081822	",n,,
"13671828891	",n,,
"18717736127	",n,,
"13918693867	",n,,
"15801877876	",n,,
"13917999125	",n,,
"13601753978	",n,,
"13611992609	",n,,
"13764523078	",n,,
"18717925920	",n,,
"13916942870	",y,1,17:32:57
"13501879833	",n,,
"13472560075	",y,1,18:32:07
"13564294982	",y,1,18:41:03
"13816576421	",y,1,17:24:29
"18918593278	",n,,
"13816973896	",y,1,16:55:35
"15921743800	",n,,
"13816892732	",y,1,18:11:33
"13917467202	",y,1,17:38:49
"13917907375	",y,1,18:38:13
"13817417858	",n,,
"13816557065	",y,1,18:20:12
"15202192907	",y,1,17:55:01
"18227884063	",n,,
"13564113145	",n,,
"13817798271	",n,,
"13501849672	",n,,
"13122747187	",n,,
"18019458508	",n,,
"13818577358	",n,,
"13764673272	",n,,
"13636652001	",n,,
"13482295852	",n,,
"13501846648	",y,1,18:12:13
"19916758779	",y,1,18:18:03
"15900964033	",n,,
"13816006930	",n,,
"13621601926	",n,,
"17740823990	",y,1,18:11:59
"18101812390	",y,1,18:23:16
"13585868477	",y,1,18:50:19
"13651747632	",n,,
"15800815969	",y,2,18:18:35
"13046633938	",n,,
"13621791395	",n,,
"15902140919	",n,,
"15821484355	",y,1,17:44:45
"13761432502	",n,,
"18019002085	",n,,
"13482564599	",n,,
"13916383646	",n,,
"13601650862	",y,1,18:51:43
"18049861618	",n,,
"13611842552	",y,2,17:39:01
"18017211656	",n,,
"18616897891	",n,,
"13585523506	",n,,
"13818656034	",n,,
"13818248384	",n,,
"13816257480	",n,,
"13917404567	",n,,
"18121064242	",n,,
"18621732676	",y,1,18:25:51
"17717055929	",y,1,18:49:14
"18918482302	",y,2,18:26:56
"13817918612	",n,,
"18501675229	",y,1,18:43:18
"15618080863	",y,1,17:34:44
"13818529203	",n,,
"15090877643	",n,,
"13817955394	",y,3人,18:23:56
"18917619500	",y,1,18:21:06
"18964531317	",y,1,18:59:32
"18915251618	",n,,
"18001840812	",n,,
"13818378341	",n,,
"18917952319	",y,2,20:41:17
"13917038291	",y,1,17:33:17
"18019020820	",y,1,16:42:49
"18621820458	",n,,
"15618662060	",n,,
"13681858605	",n,,
"13681647407	",n,,
"13585859636	",y,1,18:21:39
"13764340491	",y,2,18:32:32
"18616310346	",n,,
"15801780032	",y,1,18:30:37
"13917680926	",y,1,17:27:11
"13918419208	",y,1,17:12:20
"15021476880	",n,,
"18918207876	",y,1,18:29:54
"13341707271	",y,1,18:41:01
"13816344320	",y,1,18:21:27
"13918381201	",n,,
"13918456791	",y,1,18:21:09
"13661873146	",n,,
"13621727823	",n,,
"13901852815	",y,2,17:36:52
"13661947250	",y,1,18:30:00
"13585548342	",n,,
"13641684176	",y,1,18:36:42
"18917844438	",y,1,17:52:01
"13585814516	",n,,
"13301815867	",n,,
"13761700961	",y,1,18:29:54
"13671629925	",y,1,18:04:48
"13391158475	",n,,
"17601582495	",y,1,18:30:12
"13402120731	",y,1,17:59:24
"13917947057	",y,1,17:36:35
"15901655217	",y,1,18:04:25
"15921402517	",y,1,18:12:09
"13818392660	",y,1,18:47:39
"13764382030	",y,1,18:52:23
"13816883193	",y,1,18:05:25
"18721990735	",n,,
"13795489627	",y,1,17:19:20
"13818321017	",y,2,18:09:28
"13611995490	",n,,
"13788989003	",n,,
"13701923219	",y,1,18:18:17
"13761312625	",y,1,18:22:19
"17321183681	",n,,
"13817269592	",y,1,18:11:21
"13916106972	",n,,
"13761686881	",n,,
"18621909963	",y,1,18:22:57
"13512191220	",n,,
"13918205228	",y,1,18:44:23
"17321351728	",n,,
"13512189339	",n,,
"13816550934	",y,1,18:38:39
"13681784568	",n,,
"15026666668	",n,,
"18019308700	",y,1,18:04:54
"13764149777	",n,,
"13122005021	",n,,
"13661640938	",n,,
"13611775553	",y,1,18:21:24
"15000760608	",n,,
"13671982189	",y,1,18:18:03
"13795236163	",n,,
"18221023569	",n,,
"13817156731	",y,1,17:56:56
"13817220883	",n,,
"13817746065	",y,1,18:28:31
"13817279271	",n,,
"13585773047	",y,1,18:15:57
"18917843274	",n,,
"15821166965	",y,1,17:26:26
"13917454330	",y,1,18:51:17
"13758752227	",y,1,18:34:50
"18616383740	",y,1,17:22:34
"13705809603	",y,1,18:27:29
"18621160779	",y,1,18:25:23
"15221083467	",n,,
"15221177183	",n,,
"18930647526	",n,,
"15800342803	",y,2,18:08:37
"13611702248	",n,,
"13817066800	",n,,
"13524356637	",y,1,19:12:49
"13788987593	",n,,
"13818066872	",y,2,19:06:39
"13917903356	",n,,
"13661806739	",n,,
"13916717792	",n,,
"13818045317	",y,1,18:31:42
"18117306166	",n,,
"13917560563	",n,,
"13917414182	",y,1,17:42:48
"18621196695	",n,,
"13701778310	",n,,
"18601670099	",n,,
"13816685366	",y,1,17:38:51
"13764183631	",n,,
"18501651380	",n,,
"18616980630	",y,2,18:13:22
"13917157816	",y,2,18:21:00
"13651693586	",n,,
"18018676707	",y,1,19:44:15
"13564640271	",y,1,17:54:36
"13819062980	",y,2,17:32:30
"13681827300	",n,,
"13472547362	",n,,
"15900829494	",y,1,18:04:27
"13761635589	",n,,
"13817870450	",n,,
"13611891699	",y,1,17:23:19
"13918108467	",n,,
"13816556937	",n,,
"18621893700	",y,1,18:44:16
"13801906081	",n,,
"15221410256	",n,,
"18616017828	",n,,
"18516396575	",y,1,17:48:46
"18018677728	",y,2,17:43:07
"13918091634	",n,,
"17317873178	",n,,
"13774229151	",n,,
"18930070736	",n,,
"13918093526	",y,1,17:23:16
"13816920406	",n,,
"15000667719	",n,,
"13701820201	",n,,
"15026586299	",n,,
"15821231048	",y,1,18:20:02
"13816558653	",n,,
"13636338415	",n,,
"13928451680	",n,,
"13311637026	",y,2,18:31:51
"13045631680	",n,,
"13061756363	",y,1,17:40:49
"13472520274	",n,,
"13816777609	",y,1,18:28:04
"13818741779	",n,,
"13816501082	",n,,
"18916349560	",y,1,18:21:43
"13601770420	",n,,
"13564112668	",y,1,18:22:30
"13585930020	",n,,
"13916597325	",n,,
"15021131707	",n,,
"13482103327	",n,,
"18217163020	",n,,
"13661864752	",n,,
"13916165339	",n,,
"13817642012	",n,,
"13818919059	",n,,
"15821393818	",n,,
"13386167575	",n,,
"13311762209	",n,,
"15000691456	",y,1,18:14:32
"18017004166	",n,,
"13817908790	",n,,
"13764580362	",n,,
"18117068873	",n,,
"13917600367	",n,,
"15618862771	",y,1,17:01:19
"13916201082	",n,,
"13816226121	",n,,
"13917480932	",y,1,18:51:13
"13761320531	",n,,
"18621960161	",n,,
"13901981043	",n,,
"13918066139	",y,1,18:30:05
"13916161988	",n,,
"15316675553	",y,1,18:07:01
"13816431047	",n,,
"18918594034	",n,,
"15618389912	",n,,
"13916290752	",y,1,18:32:08
"15502173845	",y,1,18:32:08
"13621809045	",n,,
"18627571555	",y,2,17:06:32
"15802102340	",y,1,18:16:48
"13386156621	",n,,
"13901770989	",n,,
"18930794796	",n,,
"13761742878	",n,,
"13818768686	",n,,
"13916741992	",y,2,17:15:45
"13795488902	",n,,
"13701618436	",y,2,18:19:46
"13636367274	",y,1,18:20:27
"15216760710	",n,,
"13564215604	",y,1,18:28:44
"13671814260	",y,1,17:48:42
"18017075181	",y,1,17:54:58
"13818297398	",y,1,18:05:04
"13816800559	",n,,
"18721713289	",n,,
"13818400315	",y,1,17:56:48
"13611817035	",y,1,18:31:00
"13621690185	",y,1,18:52:34
"15021464132	",n,,
"13916099769	",n,,
"13916220877	",n,,
"18916189115	",y,2,18:28:28
"13701972350	",n,,
"15026861807	",y,1,18:33:00
"13761363633	",n,,
"13761626358	",y,2,18:46:34
"13512108594	",y,1,18:22:59
"13761059232	",y,1,17:53:25
"13570119996	",y,1,18:11:56
"18521535115	",n,,
"15901824092	",y,1,18:17:55
"13621923313	",y,1,17:39:52
"13901802253	",n,,
"17701816118	",y,1,18:47:30
"13564505806	",y,2,17:40:48
"18049898282	",y,1,18:07:11
"18016283932	",y,1,17:52:07
"13818689050	",n,,
"15921918480	",y,1,18:27:13
"15116189209	",n,,
"17800003225	",y,1,19:03:33
"15300732862	",n,,
"15021103637	",y,1,17:52:11
"13816116114	",n,,
"13774223126	",y,1,18:25:12
"13917319507	",y,1,18:26:04
"13162323816	",n,,
"15900947637	",y,1,18:25:23
"18918222016	",n,,
"18019351817	",n,,
"13564498992	",n,,
"13321997009	",n,,
"18221605582	",n,,
"18301772164	",y,1,18:27:52
"13761088467	",y,1,18:12:36
"17621795958	",n,,
"18964080648	",n,,
"13512137726	",y,1,18:28:56
"13651629939	",n,,
"13761646928	",n,,
"13606205777	",y,1,18:22:25
"13023107777	",n,,
"13916009800	",n,,
"13817034172	",y,1,18:27:28
"13381670826	",n,,
"15221680248	",y,1,19:04:55
"13482465010	",n,,
"13585997718	",y,1,17:43:46
"13764653989	",n,,
"13817874675	",n,,
"13524670107	",n,,
"13801662855	",n,,
"15800741277	",n,,
"13916647620	",y,1,16:51:58
"13916838059	",n,,
"18017106881	",n,,
"13681660547	",n,,
"13636350369	",y,1,18:33:44
"13651889010	",n,,
"18117283291	",y,1,17:43:29
"13916780291	",y,1,18:51:03
"15601615717	",n,,
"13761016212	",y,1,18:07:11
"13564846585	",n,,
"13918797936	",y,1,18:31:16
"15921863060	",n,,
"19921030690	",y,1,18:11:16
"13391337151	",n,,
"18917899407	",n,,
"13917225713	",n,,
"13917236136	",n,,
"18516546319	",y,1,17:32:56
"18512118214	",n,,
"13601951314	",n,,
"13701859206	",n,,
"15618795399	",n,,
"13564985285	",n,,
"13816325452	",y,1,18:10:53
"13774426221	",n,,
"13472488676	",y,1,17:12:31
"17621960627	",n,,
"18621510020	",y,1,18:15:07
"18602109234	",n,,
"15000683301	",y,1,17:55:51
"18930104786	",y,1,17:40:04
"15900615753	",y,1,17:49:17
"13795213004	",y,1,18:31:00
"13818940528	",n,,
"13585882354	",y,1,17:56:09
"13916030346	",n,,
"13636322908	",n,,
"15821721956	",n,,
"13818910672	",y,2,18:19:26
"13601852623	",y,2,17:48:42
"13661528641	",y,1,19:00:35
"18116175855	",y,1,18:29:02
"15000602008	",y,1,18:19:59
"17702128601	",n,,
"18516106366	",y,1,18:44:15
"13671639800	",y,1,18:21:15
"18616393125	",y,1,18:32:00
"17317651339	",n,,
"15900628617	",n,,
"13817923766	",y,1,18:27:30
"18016005357	",n,,
"13141363636	",n,,
"19946123506	",n,,
"13671563868	",n,,
"13817400900	",n,,
"18916029110	",y,1,17:03:11
"13575327924	",n,,
"18916006698	",y,1,18:37:35
"13917796486	",n,,
"13816403344	",y,2,18:35:58
"18113801981	",y,1,17:49:04
"13761222169	",n,,
"18501696120	",n,,
"15000879658	",y,1,18:54:02
"18017758198	",y,1,18:23:18
"18616708685	",n,,
"13501729572	",y,1,18:26:30
"13817863903	",y,1,18:55:01
"17396138305	",n,,
"18217258856	",y,1,18:32:00
"15800622663	",n,,
"18939910933	",n,,
"15601985096	",n,,
"13917876023	",n,,
"18964642576	",y,1,18:38:03
"13661454292	",n,,
"13918107697	",y,1,18:41:16
"15921295512	",y,1,18:22:21
"13621916982	",n,,
"18516000773	",y,2,17:21:57
"13564146394	",n,,
"13761034822	",y,2,17:40:38
"15000170227	",y,1,19:13:19
"13310110822	",y,1,18:26:04
"13301679951	",n,,
"15801986659	",y,1,18:16:01
"13661995180	",n,,
"13795340609	",n,,
"17701686778	",y,1,18:26:45
"13818371242	",y,1,18:23:39
"18917504185	",n,,
"15801803873	",y,1,18:14:09
"13611698977	",n,,
"18101877950	",y,1,18:44:07
"15021149003	",y,2,19:18:08
"13816073182	",n,,
"13812138918	",n,,
"13611964809	",n,,
"13828728245	",y,1,18:23:23
"13402019662	",n,,
"13564366068	",n,,
"13817612698	",n,,
"13916988011	",y,1,18:59:29
"18964019927	",n,,
"13661827419	",n,,
"15021369541	",n,,
"15821775889	",n,,
"13601978508	",y,1,17:44:59
"13917140703	",n,,
"13917487940	",n,,
"13598308617	",y,1,17:49:08
"13818224169	",n,,
"13916574271	",n,,
"13917040453	",y,1,17:52:14
"13816712612	",n,,
"15000633747	",y,1,18:22:37
"13032100061	",y,1,18:17:02
"13816699788	",y,1,17:21:26
"18616505285	",y,1,18:25:08
"15802165373	",y,1,18:29:34
"13817907864	",y,2,18:37:35
"18501648181	",y,1,18:21:06
"13641985160	",y,1,18:40:08
"13601687296	",y,1,17:51:37
"18516033577	",n,,
"13611686989	",y,1,18:09:14
"18616890827	",n,,
"13764586548	",n,,
"13916093001	",n,,
"13774459556	",n,,
"13472794433	",n,,
"15618770917	",n,,
"18621305385	",n,,
"13917981328	",y,1,18:36:08
"13761969528	",n,,
"13524299866	",n,,
"18621518462	",n,,
"13641857337	",y,2,18:58:05
"13472772179	",n,,
"13611786874	",n,,
"15801806647	",n,,
"17521638908	",n,,
"13636551885	",y,1,18:37:14
"13916375841	",y,1,17:40:55
"13681987773	",n,,
"13901922529	",y,1,18:02:38
"18001682209	",n,,
"13661505377	",n,,
"13818237599	",y,1,18:06:59
"13636380040	",y,2,19:01:45
"13524896710	",n,,
"15316161838	",y,1,18:28:08
"13301968675	",n,,
"13816657231	",n,,
"18121105511	",n,,
"13917860340	",n,,
"16621354955	",y,1,17:59:31
"13817119746	",n,,
"13917647342	",y,1,17:32:58
"13601633483	",y,1,18:30:26
"15721589905	",n,,
"13916988604	",n,,
"18621185106	",n,,
"13601911264	",n,,
"18017545813	",n,,
"18521077599	",n,,
"13301831808	",y,2,18:36:29
"13817244658	",y,1,17:15:06
"17721190739	",y,1,17:55:25
"13774334236	",n,,
"13916282617	",y,1,18:06:58
"13901811439	",n,,
"18516552696	",n,,
"13764148030	",n,,
"13585537081	",n,,
"13917796235	",n,,
"13818685600	",n,,
"13331906001	",n,,
"13817231558	",n,,
"18616810985	",n,,
"18918135835	",y,1,18:33:09
"17717547088	",y,1,18:35:10
"13816827084	",y,1,17:46:18
"15221296109	",n,,
"13301988718	",n,,
"13482398080	",n,,
"13816332529	",n,,
"18621691799	",n,,
"15692176138	",n,,
"13817023965	",y,1,18:59:52
"13641720273	",y,2,18:29:15
"18616017166	",n,,
"18930830526	",y,2,18:23:01
"13761867068	",y,2,18:43:08
"13795427479	",y,1,18:25:54
"18930300937	",n,,
"15800374737	",y,1,18:46:23
"18601702135	",n,,
"13671823555	",y,1,18:59:52
"13817642163	",y,1,18:32:49
"18602196899	",y,1,17:51:08
"13918975751	",y,1,18:05:45
"17701720004	",y,1,16:34:40
"18016006270	",n,,
"13466647718	",n,,
"8615795756402	",n,,
"13818585711	",n,,
"13795415290	",y,1,18:18:17
"18918556102	",n,,
"13761984572	",y,1,18:07:01
"13524024226	",n,,
"13917667494	",n,,
"13501822560	",n,,
"18121176096	",n,,
"13671519630	",n,,
"13127803918	",n,,
"13512173386	",n,,
"18930536205	",n,,
"13945150866	",n,,
"13817672012	",y,2,17:45:08
"13917249697	",n,,
"18101692700	",y,1,18:03:17
"18616690432	",n,,
"14782500877	",y,1,18:33:08
"18116294946	",y,1,17:45:17
"13601878416	",n,,
"17717818378	",n,,
"13701895951	",n,,
"13917821734	",y,1,18:03:21
"13817284675	",n,,
"18912196847	",n,,
"13764204718	",y,1,18:44:57
"18721373626	",y,1,19:00:08
"18917869286	",y,1,17:16:26
"13621721833	",n,,
"18616564727	",n,,
"13127888123	",n,,
"15800589831	",n,,
"18800300981	",n,,
"13621189878	",n,,
"13817185821	",n,,
"13524137185	",n,,
"13391302131	",y,1,18:21:26
"13636337679	",y,1,18:18:07
"18149716163	",y,1,18:31:01
"13901763858	",n,,
"13524841980	",n,,
"13564243353	",y,1,17:05:12
"13916086716	",y,1,18:09:46
"13770575058	",n,,
"13918868915	",y,1,17:58:30
"13801659297	",n,,
"13916618578	",n,,
"13651797528	",y,1,18:44:26
"13370201188	",n,,
"13818734688	",n,,
"15021230566	",n,,
"18116088576	",n,,
"13501720649	",n,,
"15921179127	",y,1,18:48:48
"15000500188	",n,,
"18121117161	",n,,
"19921837115	",n,,
"18516578992	",n,,
"17765179227	",n,,
"13601993408	",n,,
"13601851985	",n,,
"13588736109	",y,1,18:28:55
"18918130686	",y,1,18:13:10
"13817097273	",y,1,18:42:05
"13641659670	",y,1,18:26:24
"17302155705	",n,,
"18623163045	",y,1,18:21:13
"13681806996	",y,1,18:15:02
"13917545962	",n,,
"13371922711	",n,,
"18917007130	",y,1,18:05:49
"13901602401	",n,,
"13801995595	",y,1,18:27:53
"13916986004	",y,2,18:28:13
"13501654635	",n,,
"17821719825	",n,,
"13402165868	",n,,
"13817191770	",y,2,17:49:23
"13775235600	",n,,
"18616309896	",n,,
"13564503289	",n,,
"15821818609	",n,,
"13917892370	",y,1,17:43:24
"18916997160	",n,,
"18001878201	",n,,
"13916434832	",n,,
"13880898499	",y,1,19:08:29
"18019079007	",n,,
"13817066702	",n,,
"15821312196	",n,,
"13386160815	",n,,
"18019032131	",y,1,18:20:08
"15921210246	",n,,
"13817256401	",n,,
"18017365380	",n,,
"17621392688	",y,2,17:53:49
"13816496777	",n,,
"18019213570	",n,,
"13817011595	",n,,
"15921624064	",n,,
"13621912626	",n,,
"13774252572	",n,,
"18001980772	",n,,
"15000915521	",n,,
"18917526360	",n,,
"13764580577	",n,,
"13761190315	",n,,
"13918207907	",n,,
"15921231511	",n,,
"13817570765	",y,1,17:58:51
"18917519912	",n,,
"18521565594	",n,,
"13816357377	",n,,
"13685188969	",n,,
"13764678658	",y,1,18:37:03
"13651760307	",n,,
"18121160806	",n,,
"13818330858	",n,,
"13651645362	",n,,
"13816816115	",n,,
"18512105593	",n,,
"13816537322	",n,,
"15800780061	",n,,
"13816057138	",y,1,18:18:10
"18930512510	",y,1,18:36:40
"15618270275	",n,,
"13918778893	",n,,
"15618096837	",n,,
"13564552256	",n,,
"18616378970	",n,,
"18918707986	",n,,
"18801810003	",n,,
"18149780960	",n,,
"13817780813	",y,1,18:46:45
"13381567663	",y,2,18:16:55
"18616620715	",y,1,18:42:54
"18616809576	",n,,
"13764101832	",n,,
"13636652503	",y,3人,18:08:46
"13564257187	",y,1,18:42:00
"13641922603	",y,1,18:38:47
"13564055858	",n,,
"15618582219	",n,,
"18721978970	",n,,
"15921931916	",n,,
"15901658665	",n,,
"13816501191	",n,,
"13311966672	",y,1,17:48:31
"18221532870	",n,,
"13764153175	",y,2,18:30:22
"13918927336	",n,,
"13482652204	",n,,
"13761987347	",y,2,18:30:24
"18016009960	",y,2,18:07:04
"13816732339	",y,1,17:33:03
"15021382768	",n,,
"13918935016	",y,1,17:13:13
"13916738980	",n,,
"18602114584	",n,,
"18616019929	",n,,
"18021098509	",y,2,17:23:19
"13917978800	",n,,
"16621082825	",y,1,17:48:34
"18651078812	",n,,
"13918416446	",y,1,18:36:45
"15000152638	",n,,
"18964927685	",n,,
"13774265445	",y,1,18:12:12
"13917118720	",n,,
"13524001660	",y,1,18:56:51
"15921880120	",n,,
"13564539481	",y,2,18:20:34
"13701865829	",n,,
"13918137927	",n,,
"15000708907	",n,,
"13816025375	",y,1,18:25:51
"13564388481	",y,1,18:06:49
"13331821766	",y,1,18:56:00
"17721234569	",n,,
"18201807330	",n,,
"18901787061	",y,2,17:55:07
"13817626186	",y,2,17:57:40
"18616505632	",n,,
"15900863882	",n,,
"13611770607	",n,,
"17701769938	",n,,
"13916054490	",n,,
"13916878323	",n,,
"13611686301	",n,,
"13915481573	",y,1,18:16:46
"13816710952	",y,1,18:20:49
"13402121910	",n,,
"13918936931	",n,,
"19945648248	",n,,
"13386037507	",y,1,17:41:07
"13661789065	",n,,
"13570219800	",n,,
"13818610869	",y,1,18:46:31
"18019007889	",n,,
"13601903384	",y,1,17:58:06
"13817886782	",n,,
"13918219660	",n,,
"13764578146	",n,,
"13901633160	",n,,
"18917285186	",n,,
"13701708454	",n,,
"13761198778	",y,1,17:54:31
"18116173582	",y,1,17:51:35
"15921568948	",n,,
"15000328626	",n,,
"18918171069	",n,,
"13916225329	",y,2,17:43:28
"13524867512	",n,,
"13918695686	",y,1,18:22:39
"18616008633	",n,,
"15800484945	",n,,
"18721504582	",n,,
"15800501308	",y,1,17:23:13
"13817108433	",n,,
"18918701087	",y,1,18:25:25
"13621742021	",y,1,18:18:29
"13761167023	",y,1,18:18:22
"13761656605	",y,1,17:28:28
"15821664392	",y,1,17:32:13
"13816763007	",y,1,18:57:55
"13681669460	",n,,
"13564523983	",y,1,18:46:27
"13386156318	",y,1,18:19:08
"18616568390	",n,,
"13585707024	",n,,
"13386100287	",n,,
"18019385499	",y,1,17:58:31
"13585768553	",y,1,18:14:16
"13818313710	",y,1,18:16:43
"18221851623	",y,1,17:12:58
"13918754084	",n,,
"18917521863	",n,,
"13817691590	",n,,
"15821049201	",n,,
"13564075580	",n,,
"15901753909	",y,1,18:14:42
"18017313992	",y,1,17:53:54
"18918396956	",n,,
"18621528510	",y,1,18:36:13
"13761290165	",y,1,18:57:51
"18001702869	",n,,
"18601658433	",n,,
"18621855703	",n,,
"13636589574	",y,1,18:28:58
"13818417566	",y,1,17:35:42
"13917743327	",y,1,18:14:25
"13641718784	",y,1,18:04:27
"13917251639	",n,,
"13918676748	",y,1,18:13:09
"13761278255	",n,,
"18616027383	",y,1,17:49:12
"13951270911	",y,3人,18:09:09
"18621990168	",n,,
"13321962253	",y,1,18:29:37
"13386267453	",n,,
"13816032689	",n,,
"13818093223	",y,1,17:32:17
"13910507660	",y,1,18:06:34
"13681752874	",n,,
"13818073889	",n,,
"17721211455	",y,2,18:20:59
"19916752015	",n,,
"18621561167	",n,,
"13817976677	",y,1,17:47:06
"13917750402	",y,2,18:19:35
"13482126379	",y,1,18:37:05
"13501736842	",n,,
"13524226768	",n,,
"13671769532	",n,,
"19921233464	",n,,
"17721218680	",n,,
"16621226889	",y,1,17:00:51
"13585866597	",y,1,18:12:10
"15821978380	",n,,
"18918513013	",y,1,18:20:40
"15801982558	",n,,
"18001864884	",n,,
"13917811833	",n,,
"13321880863	",y,1,18:24:18
"15921612953	",n,,
"13916709191	",n,,
"18221763632	",n,,
"15801960948	",y,1,18:36:14
"13917676178	",n,,
"15102173483	",n,,
"13917715021	",n,,
"13061755997	",y,2,18:24:14
"13501732925	",n,,
"13661653046	",y,2,16:49:37
"18621718936	",y,1,18:18:30
"13816448527	",y,1,18:34:39
"18616012606	",n,,
"13564422658	",n,,
"15216707242	",n,,
"13072186136	",y,1,19:54:32
"18149726781	",y,2,17:58:31
"13661927862	",y,1,18:12:20
"15026576627	",y,2,17:56:54
"13801766119	",y,2,18:32:12
"13564312536	",n,,
"13818366114	",y,2,17:46:26
"17811891626	",n,,
"13661622366	",y,1,17:34:46
"15102173482	",y,1,18:25:57
"13817870845	",n,,
"18502115737	",y,2,17:19:09
"18116305475	",y,1,18:25:17
"13621626826	",n,,
"13917298095	",y,1,18:25:25
"13917871600	",y,1,16:39:58
"13512104604	",y,1,18:33:04
"15902175797	",n,,
"18964591469	",y,1,17:59:34
"18018682736	",y,2,18:39:36
"13817449219	",y,1,18:23:03
"13361853309	",y,1,18:40:15
"13761610089	",y,3人,18:07:02
"13916015169	",y,2,18:44:45
"15121078732	",y,1,17:38:46
"13761258265	",y,1,18:34:43
"19293286782	",n,,
"15921581481	",n,,
"13621921604	",n,,
"15618183252	",n,,
"13916468376	",y,1,17:24:32
"18616398003	",n,,
"18005569001	",y,2,17:58:31
"15201755100	",n,,
"13817911201	",y,1,17:32:27
"13661869574	",n,,
"13681681803	",y,2,18:26:00
"13585906606	",n,,
"17645796657	",n,,
"18298184667	",y,1,17:17:43
"13958790868	",n,,
"18602171212	",y,1,18:27:14
"13817096769	",y,1,18:18:16
"13585798046	",n,,
"18501737896	",n,,
"13501649625	",y,1,18:18:31
"13761962016	",y,2,18:16:53
"13816956281	",n,,
"13917153335	",n,,
"13611666089	",y,2,18:13:18
"13301640186	",y,2,18:24:07
"13816093930	",n,,
"13524285607	",n,,
"13918657147	",n,,
"18616387419	",n,,
"13585557224	",n,,
"13818353581	",n,,
"15502108088	",y,2,18:06:07
"13381826286	",n,,
"18621898191	",n,,
"13621752652	",y,1,18:02:10
"13816817734	",y,1,18:33:13
"18149780988	",n,,
"13917277846	",y,1,17:53:29
"13918525586	",n,,
"13761674646	",n,,
"18917523099	",y,1,18:07:24
"15901729832	",n,,
"13801898666	",n,,
"17782012086	",n,,
"18930174005	",y,1,18:46:40
"13917133345	",n,,
"13818343067	",n,,
"18117557880	",n,,
"18017180066	",n,,
"13816913903	",n,,
"13917331953	",y,1,18:28:02
"17354417016	",y,1,18:25:49
"13501703393	",n,,
"18017250021	",y,1,18:24:19
"13661667651	",y,1,17:47:01
"13917577106	",y,1,18:42:40
"13817436125	",n,,
"18101672401	",y,1,18:56:48
"13371970685	",y,1,18:13:03
"18616909393	",n,,
"13566948686	",n,,
"13917029139	",y,1,17:56:07
"17601247411	",n,,
"15921888535	",n,,
"15870865081	",n,,
"15800457158	",n,,
"18121004998	",n,,
"13817777816	",y,2,16:47:26
"13661653046	",n,,
"13916352791	",y,1,16:50:47
"13701894216	",y,1,18:57:26
"13917594727	",y,1,16:56:26
"13795268858	",y,1,16:59:22
"13917572607	",y,1,17:05:41
"18627571555	",y,2,17:07:13
"13761296245	",y,1,17:12:36
"13801657931	",y,1,17:20:33
"13022138620	",y,1,17:21:46
"13819062980	",n,,
"13671811989	",n,,
"139164525821	",n,,
"13310195960	",y,2,17:39:22
"13761163770	",y,1,17:39:32
"13916151514	",y,1,17:40:12
"13564189769	",y,1,17:40:30
"18117004237	",y,1,17:45:52
"13701958381	",y,1,17:52:34
"13641882392	",y,1,17:53:10
"13916095021	",y,2,17:53:31
"13651837176	",y,1,17:54:47
"15710132370	",y,1,17:55:02
"13162166050	",y,2,17:55:42
"13918343946	",n,,
"13918343496	",y,1,17:59:16
"18017681053	",y,1,18:00:13
"13611842552	",y,2,18:03:07
"15201807331	",y,1,18:03:11
"18121141766	",y,1,18:06:26
"13916524455	",y,1,18:07:35
"13564235989	",y,1,18:09:32
"13818119927	",y,1,18:09:35
"13918547702	",y,1,18:12:14
"18930766092	",y,1,18:15:44
"13764300653	",y,3人,18:18:26
"13817189816	",y,1,18:20:49
"18616824407	",y,1,18:21:27
"18101811373	",y,3人,18:21:53
"13681681803	",n,,
"15801841867	",y,1,18:26:52
"18017396608	",y,1,18:28:46
"18016009960	",y,2,18:31:25
"15301816993	",y,2,18:31:56
"13817191710	",n,,
"13701873072	",y,1,18:33:03
"13391265036	",y,1,18:34:24
"16621686798	",y,1,18:36:03
"15828532174	",y,1,18:36:19
"15300961289	",y,1,18:36:22
"13917005004	",y,2,18:36:54
"13917809738	",y,1,18:37:24
"15901919067	",y,1,18:38:20
"13122368389	",y,1,18:40:05
"13764514804	",y,1,18:42:56
"13501938415	",n,,
"15800371086	",y,1,18:44:44
"13916741992	",y,1,18:46:51
"13524830728	",y,2,18:49:50
"13816827396	",y,1,18:51:22
"13501968355	",y,1,18:55:14
"18501658227	",y,1,18:56:00
"15216707207	",y,1,19:01:28
"13636651832	",y,1,19:02:19
"13818821762	",y,1,19:03:38
"13301640186	",y,2,19:26:22
"13764228943	",y,2,19:35:37
"18501641287	",y,1,19:36:38
"13510062898	",n,,
