订单号,商品名称,订单状态,手机号,商品退款状态,商品已退款金额,买家付款时间,交易成功时间,应收订单金额,订单实付金额,买家备注,买家名称
E20250518175152052100063,【超级翻倍膨胀金2000】2025暑期新高一2000元优惠券,已完成,"	18616354835",,0,2025/5/18 17:51,2025/5/25 17:52,1000,1000,,方毅
E20250516211111086806151,【超级翻倍膨胀金2000】2025暑期新高一2000元优惠券,已完成,"	13918092901",,0,2025/5/16 21:11,2025/5/23 21:11,1000,1000,,陈女士
E20250516210851048106185,【超级翻倍膨胀金2000】2025暑期新高一2000元优惠券,已完成,"	13585548342",,0,2025/5/16 21:09,2025/5/23 21:09,1000,1000,,熊熊
E20250512140129018806183,【超级翻倍膨胀金2000】2025暑期新高一2000元优惠券,已完成,"	13816764273",,0,2025/5/12 14:01,2025/5/19 14:01,1000,1000,,常书妍
E20250512135332019700005,【超级翻倍膨胀金2000】2025暑期新高一2000元优惠券,已完成,"	18221289092",,0,2025/5/12 13:53,2025/5/19 13:53,1000,1000,,王乐涵
E20250511223542023400067,【超级翻倍膨胀金2000】2025暑期新高一2000元优惠券,已完成,"	13636325081",,0,2025/5/11 22:35,2025/5/18 22:35,1000,1000,,潘颖藻
E20250511220105100100023,【超级翻倍膨胀金2000】2025暑期新高一2000元优惠券,已完成,"	13916291342",,0,2025/5/11 22:01,2025/5/18 22:01,1000,1000,,安毅
E20250511215309098306199,【超级翻倍膨胀金2000】2025暑期新高一2000元优惠券,已完成,"	13816571114",,0,2025/5/11 21:53,2025/5/18 21:53,1000,1000,,陆子萱
E20250511214323083706203,【超级翻倍膨胀金2000】2025暑期新高一2000元优惠券,已完成,"	18621823855",,0,2025/5/11 21:43,2025/5/18 21:43,1000,1000,,顾昱城
E20250511214012034806197,【超级翻倍膨胀金2000】2025暑期新高一2000元优惠券,已完成,"	17721234569",,0,2025/5/11 21:40,2025/5/18 21:40,1000,1000,,马熙喆
E20250511213307076700081,【超级翻倍膨胀金2000】2025暑期新高一2000元优惠券,已完成,"	13818054386",,0,2025/5/11 21:33,2025/5/18 21:33,1000,1000,,马红雨
E20250511212100044506221,【超级翻倍膨胀金2000】2025暑期新高一2000元优惠券,已完成,"	13818783131",,0,2025/5/11 21:21,2025/5/18 21:21,1000,1000,,刘欣
E20250511205633002600013,【超级翻倍膨胀金2000】2025暑期新高一2000元优惠券,已完成,"	13917380701",,0,2025/5/11 20:56,2025/5/18 20:56,1000,1000,,杨宇轩
E20250511205543055100023,【超级翻倍膨胀金2000】2025暑期新高一2000元优惠券,已完成,"	13681700856",,0,2025/5/11 20:56,2025/5/18 20:56,1000,1000,,刘婧妍
E20250511205239006406197,【超级翻倍膨胀金2000】2025暑期新高一2000元优惠券,已完成,"	18964367577",,0,2025/5/11 20:52,2025/5/18 20:52,1000,1000,,蔡嘉逸
E20250511203318014006161,【超级翻倍膨胀金2000】2025暑期新高一2000元优惠券,已完成,"	13918576336",,0,2025/5/11 20:33,2025/5/18 20:33,1000,1000,,杨小姐
E20250511202217061106181,【超级翻倍膨胀金2000】2025暑期新高一2000元优惠券,已完成,"	13564387534",,0,2025/5/11 20:22,2025/5/18 20:22,1000,1000,,毛泽俣
E20250511191347055700057,【超级翻倍膨胀金2000】2025暑期新高一2000元优惠券,已完成,"	18917619500",,0,2025/5/11 19:14,2025/5/18 19:14,1000,1000,,方小奕
E20250511191044097200013,【超级翻倍膨胀金2000】2025暑期新高一2000元优惠券,已完成,"	13764852738",,0,2025/5/11 19:10,2025/5/18 19:10,1000,1000,,周
E20250511190322043806145,【超级翻倍膨胀金2000】2025暑期新高一2000元优惠券,已完成,"	13818426554",,0,2025/5/11 19:03,2025/5/18 19:03,1000,1000,,谢知行
E20250511185215069106201,【超级翻倍膨胀金2000】2025暑期新高一2000元优惠券,已完成,"	13564687733",,0,2025/5/11 18:53,2025/5/18 18:53,1000,1000,,赵静
E20250511181717037300011,【超级翻倍膨胀金2000】2025暑期新高一2000元优惠券,已完成,"	13918852733",,0,2025/5/11 18:17,2025/5/18 18:17,1000,1000,,于竑暄
E20250511181502062800083,【超级翻倍膨胀金2000】2025暑期新高一2000元优惠券,已完成,"	18019787933",,0,2025/5/11 18:15,2025/5/18 18:15,1000,1000,,余英博
E20250511181142097106187,【超级翻倍膨胀金2000】2025暑期新高一2000元优惠券,已完成,"	18939753249",,0,2025/5/11 18:11,2025/5/18 18:12,1000,1000,,胡昭
E20250511173022011206211,【超级翻倍膨胀金2000】2025暑期新高一2000元优惠券,已完成,"	13901982532",,0,2025/5/11 17:30,2025/5/18 17:30,1000,1000,,邓泽楠
E20250511172954098900007,【超级翻倍膨胀金2000】2025暑期新高一2000元优惠券,已完成,"	15601922300",,0,2025/5/11 17:30,2025/5/18 17:30,1000,1000,,陈张亦
E20250511172333060000009,【超级翻倍膨胀金2000】2025暑期新高一2000元优惠券,已完成,"	13564390389",,0,2025/5/11 17:23,2025/5/18 17:23,1000,1000,,郭沛楚
E20250511161930078700051,【超级翻倍膨胀金2000】2025暑期新高一2000元优惠券,已完成,"	18964674168",,0,2025/5/11 16:19,2025/5/18 16:19,1000,1000,,徐翊珈
E20250511155138026506167,【超级翻倍膨胀金2000】2025暑期新高一2000元优惠券,已完成,"	13671504666",,0,2025/5/11 15:51,2025/5/18 15:51,1000,1000,,张平
E20250511155003076506191,【超级翻倍膨胀金2000】2025暑期新高一2000元优惠券,已完成,"	13764980224",,0,2025/5/11 15:50,2025/5/18 15:50,1000,1000,,孙奕萱
E20250511152542014800012,【超级翻倍膨胀金2000】2025暑期新高一2000元优惠券,已完成,"	18601716066",,0,2025/5/11 15:27,2025/5/18 15:27,1000,1000,,张译匀
E20250511145810046700015,【超级翻倍膨胀金2000】2025暑期新高一2000元优惠券,已完成,"	13916719553",,0,2025/5/11 14:58,2025/5/18 14:58,1000,1000,,谢琳
E20250511145629065806171,【超级翻倍膨胀金2000】2025暑期新高一2000元优惠券,已完成,"	13062706364",,0,2025/5/11 14:56,2025/5/18 14:56,1000,1000,,季福轩
E20250511132901004900041,【超级翻倍膨胀金2000】2025暑期新高一2000元优惠券,已完成,"	13816721207",,0,2025/5/11 13:29,2025/5/18 13:29,1000,1000,,李纪欣
E20250511121101027600007,【超级翻倍膨胀金2000】2025暑期新高一2000元优惠券,已完成,"	13817801867",,0,2025/5/11 12:11,2025/5/18 12:11,1000,1000,,赵小华
E20250511113640022306151,【超级翻倍膨胀金2000】2025暑期新高一2000元优惠券,已完成,"	13818364177",,0,2025/5/11 11:36,2025/5/18 11:36,1000,1000,,李诗悦
E20250511110615001306175,【超级翻倍膨胀金2000】2025暑期新高一2000元优惠券,已完成,"	13917797012",,0,2025/5/11 11:06,2025/5/18 11:06,1000,1000,,杨轩豪
E20250511103056097000077,【超级翻倍膨胀金2000】2025暑期新高一2000元优惠券,已完成,"	18616392762",,0,2025/5/11 10:31,2025/5/18 10:31,1000,1000,,朱逸宸
E20250511102816094306157,【超级翻倍膨胀金2000】2025暑期新高一2000元优惠券,已完成,"	13916822195",,0,2025/5/11 10:28,2025/5/18 10:28,1000,1000,,彭奕嘉
E20250511100544039200073,【超级翻倍膨胀金2000】2025暑期新高一2000元优惠券,已完成,"	13162166050",,0,2025/5/11 10:05,2025/5/18 10:05,1000,1000,,刘昀烨
E20250511092533026600071,【超级翻倍膨胀金2000】2025暑期新高一2000元优惠券,已完成,"	13564941413",,0,2025/5/11 9:25,2025/5/18 9:25,1000,1000,,浦筱雯
E20250511085210015406171,【超级翻倍膨胀金2000】2025暑期新高一2000元优惠券,已完成,"	18964631839",,0,2025/5/11 8:52,2025/5/18 8:52,1000,1000,,况代楠
E20250510232223069300065,【超级翻倍膨胀金2000】2025暑期新高一2000元优惠券,已完成,"	19145444244",,0,2025/5/10 23:22,2025/5/17 23:22,1000,1000,,韬岳
E20250510231833081206195,【超级翻倍膨胀金2000】2025暑期新高一2000元优惠券,已完成,"	17717533993",,0,2025/5/10 23:18,2025/5/17 23:18,1000,1000,,郑大阳
E20250510224402059800001,【超级翻倍膨胀金2000】2025暑期新高一2000元优惠券,已完成,"	17301756892",,0,2025/5/10 22:44,2025/5/17 22:44,1000,1000,,凯妈
E20250510223417050406213,【超级翻倍膨胀金2000】2025暑期新高一2000元优惠券,已完成,"	18516520905",,0,2025/5/10 22:34,2025/5/17 22:34,1000,1000,,方奕棋
E20250510222332002900065,【超级翻倍膨胀金2000】2025暑期新高一2000元优惠券,已完成,"	13621742021",,0,2025/5/10 22:23,2025/5/17 22:23,1000,1000,,王优优
E20250510222327069900057,【超级翻倍膨胀金2000】2025暑期新高一2000元优惠券,已完成,"	13817281710",,0,2025/5/10 22:23,2025/5/17 22:23,1000,1000,,张梓彤
E20250510220505015006177,【超级翻倍膨胀金2000】2025暑期新高一2000元优惠券,已完成,"	13621730164",,0,2025/5/10 22:05,2025/5/17 22:05,1000,1000,,徐海霞
E20250510220131010100059,【超级翻倍膨胀金2000】2025暑期新高一2000元优惠券,已完成,"	13818015825",,0,2025/5/10 22:01,2025/5/17 22:01,1000,1000,,陈牧州
E20250510220126025000053,【超级翻倍膨胀金2000】2025暑期新高一2000元优惠券,已完成,"	13917272507",,0,2025/5/10 22:01,2025/5/17 22:01,1000,1000,,洋悦
E20250510215218073100065,【超级翻倍膨胀金2000】2025暑期新高一2000元优惠券,已完成,"	15021332547",,0,2025/5/10 21:52,2025/5/17 21:52,1000,1000,,雷
E20250510214959098306167,【超级翻倍膨胀金2000】2025暑期新高一2000元优惠券,已完成,"	18017453400",,0,2025/5/10 21:50,2025/5/17 21:50,1000,1000,,张和尘
E20250510214932015000029,【超级翻倍膨胀金2000】2025暑期新高一2000元优惠券,已关闭,"	13621730164",,0,,,1000,0,,徐海霞
E20250510214907032406163,【超级翻倍膨胀金2000】2025暑期新高一2000元优惠券,已完成,"	13917985458",,0,2025/5/10 21:49,2025/5/17 21:49,1000,1000,,刘恒瑞
E20250510214905011806189,【超级翻倍膨胀金2000】2025暑期新高一2000元优惠券,已完成,"	13641653740",,0,2025/5/10 21:49,2025/5/17 21:49,1000,1000,,朱钰馨
E20250510213541087706191,【超级翻倍膨胀金2000】2025暑期新高一2000元优惠券,已完成,"	13301640186",,0,2025/5/10 21:36,2025/5/17 21:36,1000,1000,,陈瑾瑜
E20250510212429044700071,【超级翻倍膨胀金2000】2025暑期新高一2000元优惠券,已完成,"	13918123050",,0,2025/5/10 21:24,2025/5/17 21:24,1000,1000,,孙鸿宇
E20250510211135092500019,【超级翻倍膨胀金2000】2025暑期新高一2000元优惠券,已完成,"	18217093110",,0,2025/5/10 21:11,2025/5/17 21:11,1000,1000,,许柏宁
E20250510210955005600047,【超级翻倍膨胀金2000】2025暑期新高一2000元优惠券,已完成,"	15800503548",,0,2025/5/10 21:10,2025/5/17 21:10,1000,1000,,万陟
E20250510210256006706199,【超级翻倍膨胀金2000】2025暑期新高一2000元优惠券,已完成,"	15821179363",,0,2025/5/10 21:03,2025/5/17 21:03,1000,1000,,潘奕晨
E20250510205752027800065,【超级翻倍膨胀金2000】2025暑期新高一2000元优惠券,已关闭,"	17321381526",退款成功（全额退款）,1000,2025/5/10 20:58,,1000,1000,,张
E20250510205425086600075,【超级翻倍膨胀金2000】2025暑期新高一2000元优惠券,已完成,"	15618670963",,0,2025/5/10 20:54,2025/5/17 20:54,1000,1000,,严羽乐
E20250510204626059906215,【超级翻倍膨胀金2000】2025暑期新高一2000元优惠券,已完成,"	15618909018",,0,2025/5/10 20:46,2025/5/17 20:46,1000,1000,,林锦星
E20250510204549045400029,【超级翻倍膨胀金2000】2025暑期新高一2000元优惠券,已完成,"	15585581188",,0,2025/5/10 20:45,2025/5/17 20:45,1000,1000,,柯燕珠
E20250510203844078400009,【超级翻倍膨胀金2000】2025暑期新高一2000元优惠券,已完成,"	13611964809",,0,2025/5/10 20:38,2025/5/17 20:38,1000,1000,,张轩恺
E20250510203016038306205,【超级翻倍膨胀金2000】2025暑期新高一2000元优惠券,已完成,"	17717507063",,0,2025/5/10 20:30,2025/5/17 20:30,1000,1000,,鲁芸
E20250510202908003506197,【超级翻倍膨胀金2000】2025暑期新高一2000元优惠券,已完成,"	13917609779",,0,2025/5/10 20:29,2025/5/17 20:29,1000,1000,,朱颖
E20250510201311001206177,【超级翻倍膨胀金2000】2025暑期新高一2000元优惠券,已完成,"	13386001628",,0,2025/5/10 20:13,2025/5/17 20:13,1000,1000,,张俊逸
E20250510201028058700061,【超级翻倍膨胀金2000】2025暑期新高一2000元优惠券,已完成,"	13817871844",,0,2025/5/10 20:10,2025/5/17 20:10,1000,1000,,郑策
E20250510200023024300067,【超级翻倍膨胀金2000】2025暑期新高一2000元优惠券,已完成,"	13636350369",,0,2025/5/10 20:00,2025/5/17 20:00,1000,1000,,周倍好
E20250510195528071700045,【超级翻倍膨胀金2000】2025暑期新高一2000元优惠券,已完成,"	13761153550",,0,2025/5/10 19:55,2025/5/17 19:55,1000,1000,,付
E20250510194651090606145,【超级翻倍膨胀金2000】2025暑期新高一2000元优惠券,已完成,"	13817064027",,0,2025/5/10 19:46,2025/5/17 19:47,1000,1000,,李岳清
E20250510194419047706217,【超级翻倍膨胀金2000】2025暑期新高一2000元优惠券,已完成,"	18116178507",,0,2025/5/10 19:44,2025/5/17 19:44,1000,1000,,栗俊梁
E20250510194222058606153,【超级翻倍膨胀金2000】2025暑期新高一2000元优惠券,已完成,"	13817577088",,0,2025/5/10 19:42,2025/5/17 19:42,1000,1000,,徐子仪
E20250510193358062100041,【超级翻倍膨胀金2000】2025暑期新高一2000元优惠券,已完成,"	18113801981",,0,2025/5/10 19:34,2025/5/17 19:34,1000,1000,,戴佳妮
E20250510193100074806165,【超级翻倍膨胀金2000】2025暑期新高一2000元优惠券,已完成,"	13918265056",,0,2025/5/10 19:31,2025/5/17 19:31,1000,1000,,王玥颖
E20250510190403064106213,【超级翻倍膨胀金2000】2025暑期新高一2000元优惠券,已完成,"	13761962016",,0,2025/5/10 19:04,2025/5/17 19:04,1000,1000,,倪书瑶
E20250510173857039106183,【超级翻倍膨胀金2000】2025暑期新高一2000元优惠券,已完成,"	18964716501",,0,2025/5/10 17:39,2025/5/17 17:39,1000,1000,,孔令闻
E20250510162126007600077,【超级翻倍膨胀金2000】2025暑期新高一2000元优惠券,已完成,"	13918657147",,0,2025/5/10 16:21,2025/5/17 16:21,1000,1000,,韩盛阳
E20250510155005071000059,【超级翻倍膨胀金2000】2025暑期新高一2000元优惠券,已完成,"	13818385276",,0,2025/5/10 15:50,2025/5/17 15:50,1000,1000,,吴钰彤
E20250510154954071406193,【超级翻倍膨胀金2000】2025暑期新高一2000元优惠券,已完成,"	13761663984",,0,2025/5/10 15:50,2025/5/17 15:50,1000,1000,,李泓霖
E20250510152116051406161,【超级翻倍膨胀金2000】2025暑期新高一2000元优惠券,已完成,"	13621923313",,0,2025/5/10 15:21,2025/5/17 15:21,1000,1000,,陈俊涵
E20250510152114023500021,【超级翻倍膨胀金2000】2025暑期新高一2000元优惠券,已完成,"	13564189769",,0,2025/5/10 15:21,2025/5/17 15:21,1000,1000,,何俊呈
E20250510150721099206213,【超级翻倍膨胀金2000】2025暑期新高一2000元优惠券,已完成,"	17321059834",,0,2025/5/10 15:07,2025/5/17 15:07,1000,1000,,庞琬泽
E20250510144817100306173,【超级翻倍膨胀金2000】2025暑期新高一2000元优惠券,已完成,"	18121269687",,0,2025/5/10 14:48,2025/5/17 14:48,1000,1000,,支
E20250510141803002500073,【超级翻倍膨胀金2000】2025暑期新高一2000元优惠券,已完成,"	13818393450",,0,2025/5/10 14:18,2025/5/17 14:18,1000,1000,,王梓晨
E20250510132843056100077,【超级翻倍膨胀金2000】2025暑期新高一2000元优惠券,已完成,"	13482738342",,0,2025/5/10 13:28,2025/5/17 13:28,1000,1000,,秦丽凤
E20250510123017014806155,【超级翻倍膨胀金2000】2025暑期新高一2000元优惠券,已完成,"	13641954504",,0,2025/5/10 12:30,2025/5/17 12:30,1000,1000,,俞晨希
E20250510114325089300013,【超级翻倍膨胀金2000】2025暑期新高一2000元优惠券,已完成,"	18918201696",,0,2025/5/10 11:43,2025/5/17 11:43,1000,1000,,王辛翔
E20250510113116044500091,【超级翻倍膨胀金2000】2025暑期新高一2000元优惠券,已完成,"	13482727369",,0,2025/5/10 11:31,2025/5/17 11:31,1000,1000,,杨燕
E20250510094013029306191,【超级翻倍膨胀金2000】2025暑期新高一2000元优惠券,已完成,"	13916383646",,0,2025/5/10 9:40,2025/5/17 9:40,1000,1000,,王语嫣
E20250510083838001306175,【超级翻倍膨胀金2000】2025暑期新高一2000元优惠券,已关闭,"	13816200649",退款成功（全额退款）,1000,2025/5/10 8:39,2025/5/17 8:39,1000,1000,,陈同学
E20250510001318011900017,【超级翻倍膨胀金2000】2025暑期新高一2000元优惠券,已完成,"	13916636225",,0,2025/5/10 0:13,2025/5/17 0:13,1000,1000,,贾逸昊
E20250509235723068006177,【超级翻倍膨胀金2000】2025暑期新高一2000元优惠券,已完成,"	13918434875",,0,2025/5/9 23:57,2025/5/16 23:57,1000,1000,,刘
E20250509235536010200013,【超级翻倍膨胀金2000】2025暑期新高一2000元优惠券,已完成,"	13361977995",,0,2025/5/9 23:55,2025/5/16 23:55,1000,1000,,魏永杰
E20250509234515048600019,【超级翻倍膨胀金2000】2025暑期新高一2000元优惠券,已完成,"	18101812390",,0,2025/5/9 23:45,2025/5/16 23:45,1000,1000,"	跟微信上家辉的老师咨询过，如果课程不合适不报名，这个费用全退",谭女士
E20250509233116055400001,【超级翻倍膨胀金2000】2025暑期新高一2000元优惠券,已完成,"	13764702781",,0,2025/5/9 23:31,2025/5/16 23:31,1000,1000,,刘昱成
E20250509232209082800069,【超级翻倍膨胀金2000】2025暑期新高一2000元优惠券,已完成,"	15168889279",,0,2025/5/9 23:22,2025/5/16 23:22,1000,1000,,王淇
E20250509231215037900019,【超级翻倍膨胀金2000】2025暑期新高一2000元优惠券,已关闭,"	18121064242",退款成功（全额退款）,1000,2025/5/9 23:12,,1000,1000,,Miya
E20250509215206027500069,【超级翻倍膨胀金2000】2025暑期新高一2000元优惠券,已完成,"	13916675827",,0,2025/5/9 21:52,2025/5/16 21:52,1000,1000,,吴彤语
E20250509213348025206151,【超级翻倍膨胀金2000】2025暑期新高一2000元优惠券,已关闭,"	13611855251",退款成功（全额退款）,1000,2025/5/9 21:34,,1000,1000,,庞艳
E20250509213319005300049,【超级翻倍膨胀金2000】2025暑期新高一2000元优惠券,已完成,"	18221652596",,0,2025/5/9 21:33,2025/5/16 21:33,1000,1000,,侯小姐
E20250509212952053700053,【超级翻倍膨胀金2000】2025暑期新高一2000元优惠券,已完成,"	13472569237",,0,2025/5/9 21:30,2025/5/16 21:30,1000,1000,,徐女士
E20250509212640001000025,【超级翻倍膨胀金2000】2025暑期新高一2000元优惠券,已完成,"	18217757419",,0,2025/5/9 21:26,2025/5/16 21:27,1000,1000,,周女士
E20250509212404026500041,【超级翻倍膨胀金2000】2025暑期新高一2000元优惠券,已完成,"	13032100061",,0,2025/5/9 21:24,2025/5/16 21:24,1000,1000,,黄泽桦
E20250509211245091000039,【超级翻倍膨胀金2000】2025暑期新高一2000元优惠券,已关闭,"	18121306886",退款成功（全额退款）,1000,2025/5/9 21:12,2025/5/16 21:12,1000,1000,,张译文
E20250509210946078406169,【超级翻倍膨胀金2000】2025暑期新高一2000元优惠券,已关闭,"	13371896139",退款成功（全额退款）,1000,2025/5/9 21:10,,1000,1000,,舒嘉悦
E20250509210931001006211,【超级翻倍膨胀金2000】2025暑期新高一2000元优惠券,已关闭,"	18217757419",,0,,,1000,0,,周霞
E20250509210841078006207,【超级翻倍膨胀金2000】2025暑期新高一2000元优惠券,已关闭,"	13795297411",退款成功（全额退款）,1000,2025/5/9 21:08,,1000,1000,,高子茹
E20250509210749054206199,【超级翻倍膨胀金2000】2025暑期新高一2000元优惠券,已完成,"	13916746926",,0,2025/5/9 21:08,2025/5/16 21:08,1000,1000,,吴悠
E20250509210622038300001,【超级翻倍膨胀金2000】2025暑期新高一2000元优惠券,已完成,"	18918782203",,0,2025/5/9 21:06,2025/5/16 21:06,1000,1000,,马佳盈
E20250509210534031206145,【超级翻倍膨胀金2000】2025暑期新高一2000元优惠券,已完成,"	13611686989",,0,2025/5/9 21:05,2025/5/16 21:05,1000,1000,,胡佳音
E20250509210505007900015,【超级翻倍膨胀金2000】2025暑期新高一2000元优惠券,已完成,"	15800345767",,0,2025/5/9 21:05,2025/5/16 21:05,1000,1000,,孙女士
E20250509210305044906157,【超级翻倍膨胀金2000】2025暑期新高一2000元优惠券,已关闭,"	18616150726",退款成功（全额退款）,1000,2025/5/9 21:03,,1000,1000,,陈女士
E20250509210224040906203,【超级翻倍膨胀金2000】2025暑期新高一2000元优惠券,已完成,"	13636397502",,0,2025/5/9 21:02,2025/5/16 21:02,1000,1000,,杨艺铭
E20250509210059050306153,【超级翻倍膨胀金2000】2025暑期新高一2000元优惠券,已关闭,"	18017166665",退款成功（全额退款）,1000,2025/5/9 21:01,,1000,1000,,许海玥
E20250509210045012506203,【超级翻倍膨胀金2000】2025暑期新高一2000元优惠券,已关闭,"	18916189115",,0,,,1000,0,,俞雯博
E20250509205839053206169,【超级翻倍膨胀金2000】2025暑期新高一2000元优惠券,已完成,"	13636312804",,0,2025/5/9 20:58,2025/5/16 20:58,1000,1000,,陈齐乐
E20250509205816087406199,【超级翻倍膨胀金2000】2025暑期新高一2000元优惠券,已完成,"	13816986012",,0,2025/5/9 20:58,2025/5/16 20:58,1000,1000,,刘苇航
E20250509205814087706207,【超级翻倍膨胀金2000】2025暑期新高一2000元优惠券,已完成,"	13524592236",,0,2025/5/9 20:58,2025/5/16 20:58,1000,1000,,洪文星
E20250509205753047606169,【超级翻倍膨胀金2000】2025暑期新高一2000元优惠券,已完成,"	18616712920",,0,2025/5/9 20:58,2025/5/16 20:58,1000,1000,,孙思瑶
E20250509205745080106207,【超级翻倍膨胀金2000】2025暑期新高一2000元优惠券,已完成,"	13512125728",,0,2025/5/9 20:57,2025/5/16 20:57,1000,1000,,顾Lily
E20250509205722021900057,【超级翻倍膨胀金2000】2025暑期新高一2000元优惠券,已关闭,"	13816933936",退款成功（全额退款）,1000,2025/5/9 20:57,,1000,1000,,施侃玮
E20250509205718067000027,【超级翻倍膨胀金2000】2025暑期新高一2000元优惠券,已关闭,"	18621631870",,0,,,1000,0,,梅裔
E20250509205717101306185,【超级翻倍膨胀金2000】2025暑期新高一2000元优惠券,已关闭,"	13774272072",退款成功（全额退款）,1000,2025/5/9 20:57,2025/5/16 20:57,1000,1000,,胡佳琪
E20250509205712026906157,【超级翻倍膨胀金2000】2025暑期新高一2000元优惠券,已完成,"	13501651438",,0,2025/5/9 20:57,2025/5/16 20:57,1000,1000,,吴先生
E20250509205707045600013,【超级翻倍膨胀金2000】2025暑期新高一2000元优惠券,已完成,"	13636589574",,0,2025/5/9 20:57,2025/5/16 20:57,1000,1000,,王
E20250509205656076106207,【超级翻倍膨胀金2000】2025暑期新高一2000元优惠券,已关闭,"	13917972666",退款成功（全额退款）,1000,2025/5/9 20:57,,1000,1000,,王辛翔
E20250509205656026000073,【超级翻倍膨胀金2000】2025暑期新高一2000元优惠券,已完成,"	18916656095",,0,2025/5/9 20:57,2025/5/16 20:57,1000,1000,,瞿瑞泽
E20250509205642003100035,【超级翻倍膨胀金2000】2025暑期新高一2000元优惠券,已关闭,"	13701838578",退款成功（全额退款）,1000,2025/5/9 20:56,,1000,1000,,刘霞
E20250509205641026300075,【超级翻倍膨胀金2000】2025暑期新高一2000元优惠券,已完成,"	15821668891",,0,2025/5/9 20:57,2025/5/16 20:57,1000,1000,,张可恩
E20250509205641023006145,【超级翻倍膨胀金2000】2025暑期新高一2000元优惠券,已关闭,"	13585716097",退款成功（全额退款）,1000,2025/5/9 20:56,,1000,1000,,朱玟叶
E20250509205636022200011,【超级翻倍膨胀金2000】2025暑期新高一2000元优惠券,已完成,"	18701806079",,0,2025/5/9 20:56,2025/5/16 20:56,1000,1000,,孙艺洛
E20250509205629045900053,【超级翻倍膨胀金2000】2025暑期新高一2000元优惠券,已关闭,"	13818025238",退款成功（全额退款）,1000,2025/5/9 20:56,,1000,1000,,刘一苇
E20250509205627077000061,【超级翻倍膨胀金2000】2025暑期新高一2000元优惠券,已关闭,"	15618029861",退款成功（全额退款）,1000,2025/5/9 20:56,,1000,1000,,刘子霄
E20250509205627073000049,【超级翻倍膨胀金2000】2025暑期新高一2000元优惠券,已关闭,"	13917405443",退款成功（全额退款）,1000,2025/5/9 20:56,,1000,1000,,余梅
E20250509205620073606153,【超级翻倍膨胀金2000】2025暑期新高一2000元优惠券,已完成,"	13916152337",,0,2025/5/9 20:56,2025/5/16 20:56,1000,1000,,陈麒晓
E20250509205618045700033,【超级翻倍膨胀金2000】2025暑期新高一2000元优惠券,已关闭,"	13761723739",退款成功（全额退款）,1000,2025/5/9 20:56,,1000,1000,,张翌昕
E20250509205615020200033,【超级翻倍膨胀金2000】2025暑期新高一2000元优惠券,已关闭,"	13052424207",退款成功（全额退款）,1000,2025/5/9 20:56,,1000,1000,,金先生
E20250509205613095400017,【超级翻倍膨胀金2000】2025暑期新高一2000元优惠券,已关闭,"	15618984371",退款成功（全额退款）,1000,2025/5/9 20:56,,1000,1000,,王乐忱
E20250509205611028200017,【超级翻倍膨胀金2000】2025暑期新高一2000元优惠券,已完成,"	13585882354",,0,2025/5/9 20:56,2025/5/16 20:56,1000,1000,,萱萱妈妈
E20250509205608085506145,【超级翻倍膨胀金2000】2025暑期新高一2000元优惠券,已完成,"	13917753509",,0,2025/5/9 20:56,2025/5/16 20:56,1000,1000,,xjy
E20250509205607068400079,【超级翻倍膨胀金2000】2025暑期新高一2000元优惠券,已完成,"	13661528641",,0,2025/5/9 20:56,2025/5/16 20:56,1000,1000,,郭甜
E20250509205603080400047,【超级翻倍膨胀金2000】2025暑期新高一2000元优惠券,已关闭,"	13801755285",退款成功（全额退款）,1000,2025/5/9 20:56,,1000,1000,,黄余悦
E20250509205559000606179,【超级翻倍膨胀金2000】2025暑期新高一2000元优惠券,已关闭,"	15901796518",退款成功（全额退款）,1000,2025/5/9 20:56,,1000,1000,,林锦鸿
E20250509205555027900071,【超级翻倍膨胀金2000】2025暑期新高一2000元优惠券,已完成,"	18018682736",,0,2025/5/9 20:56,2025/5/16 20:56,1000,1000,,张小姐
E20250509205554080900041,【超级翻倍膨胀金2000】2025暑期新高一2000元优惠券,已关闭,"	13916075095",退款成功（全额退款）,1000,2025/5/9 20:56,,1000,1000,,褚奕博
E20250509205550071600015,【超级翻倍膨胀金2000】2025暑期新高一2000元优惠券,已关闭,"	13681899266",退款成功（全额退款）,1000,2025/5/9 20:55,,1000,1000,,杨瑷瑞
E20250509205218081006193,【超级翻倍膨胀金2000】2025暑期新高一2000元优惠券,已关闭,"	13818797496",退款成功（全额退款）,1000,2025/5/9 20:52,,1000,1000,,陈正涵
E20250509205054016200017,【超级翻倍膨胀金2000】2025暑期新高一2000元优惠券,已完成,"	15902175797",,0,2025/5/9 20:51,2025/5/16 20:51,1000,1000,,沈均泽
E20250509204930028400049,【超级翻倍膨胀金2000】2025暑期新高一2000元优惠券,已完成,"	15921661002",,0,2025/5/9 20:49,2025/5/16 20:49,1000,1000,,姚姚
E20250509204823086906195,【超级翻倍膨胀金2000】2025暑期新高一2000元优惠券,已完成,"	13671728844",,0,2025/5/9 20:48,2025/5/16 20:48,1000,1000,,汪婷
E20250509204750069400029,【超级翻倍膨胀金2000】2025暑期新高一2000元优惠券,已完成,"	13817975933",,0,2025/5/9 20:48,2025/5/16 20:48,1000,1000,,戴慧萍
E20250509204502011300005,【超级翻倍膨胀金2000】2025暑期新高一2000元优惠券,已关闭,"	18017250021",退款成功（全额退款）,1000,2025/5/9 20:45,,1000,1000,,卫星
E20250509204024052100077,【超级翻倍膨胀金2000】2025暑期新高一2000元优惠券,已关闭,"	13641857337",退款成功（全额退款）,1000,2025/5/9 20:40,,1000,1000,,沈艺宸
E20250509203846021300035,【超级翻倍膨胀金2000】2025暑期新高一2000元优惠券,已完成,"	13816709663",,0,2025/5/9 20:38,2025/5/16 20:38,1000,1000,,方欣
E20250509203642025806159,【超级翻倍膨胀金2000】2025暑期新高一2000元优惠券,已关闭,"	15800815969",退款成功（全额退款）,1000,2025/5/9 20:36,,1000,1000,,周文
E20250509202950009706153,【超级翻倍膨胀金2000】2025暑期新高一2000元优惠券,已完成,"	18019360367",,0,2025/5/9 20:29,2025/5/16 20:30,1000,1000,,林颖妍
E20250509202837069500077,【超级翻倍膨胀金2000】2025暑期新高一2000元优惠券,已完成,"	13651856353",,0,2025/5/9 20:28,2025/5/16 20:28,1000,1000,,葛禹昊
E20250509202740056200001,【超级翻倍膨胀金2000】2025暑期新高一2000元优惠券,已完成,"	13611891699",,0,2025/5/9 20:27,2025/5/16 20:27,1000,1000,,阮奕淳
E20250509202649004100011,【超级翻倍膨胀金2000】2025暑期新高一2000元优惠券,已完成,"	15901758788",,0,2025/5/9 20:27,2025/5/16 20:27,1000,1000,,何沛仪
E20250509202641091000071,【超级翻倍膨胀金2000】2025暑期新高一2000元优惠券,已完成,"	17321087375",,0,2025/5/9 20:26,2025/5/16 20:26,1000,1000,,张梦瑶
E20250509201616078000067,【超级翻倍膨胀金2000】2025暑期新高一2000元优惠券,已完成,"	15802165373",,0,2025/5/9 20:16,2025/5/16 20:16,1000,1000,,谢常瑞
E20250509201609082906183,【超级翻倍膨胀金2000】2025暑期新高一2000元优惠券,已关闭,"	15921880120",退款成功（全额退款）,1000,2025/5/9 20:16,,1000,1000,,韩嘉齐
E20250509201238035206155,【超级翻倍膨胀金2000】2025暑期新高一2000元优惠券,已完成,"	13901646343",,0,2025/5/9 20:12,2025/5/16 20:13,1000,1000,,顾峻源
E20250509201237063506195,【超级翻倍膨胀金2000】2025暑期新高一2000元优惠券,已完成,"	13817191770",,0,2025/5/9 20:12,2025/5/16 20:12,1000,1000,,徐
E20250509201235014006147,【超级翻倍膨胀金2000】2025暑期新高一2000元优惠券,已完成,"	18930821765",,0,2025/5/9 20:12,2025/5/16 20:12,1000,1000,,周禹辰
E20250509201234089700059,【超级翻倍膨胀金2000】2025暑期新高一2000元优惠券,已关闭,"	18930446118",退款成功（全额退款）,1000,2025/5/9 20:12,2025/5/16 20:12,1000,1000,,韩宇泓
E20250509201231001000019,【超级翻倍膨胀金2000】2025暑期新高一2000元优惠券,已完成,"	17717055929",,0,2025/5/9 20:12,2025/5/16 20:12,1000,1000,,刘娟
E20250509201230049006191,【超级翻倍膨胀金2000】2025暑期新高一2000元优惠券,已关闭,"	13918935016",退款成功（全额退款）,1000,2025/5/9 20:12,,1000,1000,,陈娟
E20250509201230045300029,【超级翻倍膨胀金2000】2025暑期新高一2000元优惠券,已关闭,"	13817936155",退款成功（全额退款）,1000,2025/5/9 20:12,,1000,1000,,夏昕宇
E20250509201230044306169,【超级翻倍膨胀金2000】2025暑期新高一2000元优惠券,已关闭,"	15316675553",退款成功（全额退款）,1000,2025/5/9 20:12,,1000,1000,,朱惠琴
E20250509201228002800025,【超级翻倍膨胀金2000】2025暑期新高一2000元优惠券,已完成,"	13816677477",,0,2025/5/9 20:12,2025/5/16 20:12,1000,1000,,蒋宛彤
E20250509201225088500019,【超级翻倍膨胀金2000】2025暑期新高一2000元优惠券,已关闭,"	18516231156",退款成功（全额退款）,1000,2025/5/9 20:12,,1000,1000,,欣甜
E20250509201223026000049,【超级翻倍膨胀金2000】2025暑期新高一2000元优惠券,已关闭,"	18800300981",退款成功（全额退款）,1000,2025/5/9 20:12,,1000,1000,,李淑
E20250509201223006706189,【超级翻倍膨胀金2000】2025暑期新高一2000元优惠券,已完成,"	13816970690",,0,2025/5/9 20:12,2025/5/16 20:12,1000,1000,,王浛羽
E20250509201222080406165,【超级翻倍膨胀金2000】2025暑期新高一2000元优惠券,已关闭,"	13801755285",,0,,,1000,0,,黄余悦
E20250509201221032400049,【超级翻倍膨胀金2000】2025暑期新高一2000元优惠券,已完成,"	13817955311",,0,2025/5/9 20:12,2025/5/16 20:12,1000,1000,,张袅娜
E20250509201220026200001,【超级翻倍膨胀金2000】2025暑期新高一2000元优惠券,已完成,"	13524830728",,0,2025/5/9 20:12,2025/5/16 20:12,1000,1000,,周觅
E20250509201215004900019,【超级翻倍膨胀金2000】2025暑期新高一2000元优惠券,已关闭,"	13918578818",退款成功（全额退款）,1000,2025/5/9 20:12,2025/5/16 20:12,1000,1000,,周凤章
E20250509201214047706145,【超级翻倍膨胀金2000】2025暑期新高一2000元优惠券,已关闭,"	13636337679",退款成功（全额退款）,1000,2025/5/9 20:12,,1000,1000,,袁博雅
E20250509201213018600047,【超级翻倍膨胀金2000】2025暑期新高一2000元优惠券,已关闭,"	13601749562",退款成功（全额退款）,1000,2025/5/9 20:12,,1000,1000,,苏女士
E20250509201212055606197,【超级翻倍膨胀金2000】2025暑期新高一2000元优惠券,已关闭,"	13818805480",退款成功（全额退款）,1000,2025/5/9 20:12,2025/5/16 20:12,1000,1000,,沈心怡
E20250509201212015100049,【超级翻倍膨胀金2000】2025暑期新高一2000元优惠券,已完成,"	13818513666",,0,2025/5/9 20:12,2025/5/16 20:12,1000,1000,,张女士
E20250509201209034806149,【超级翻倍膨胀金2000】2025暑期新高一2000元优惠券,已完成,"	18621855257",,0,2025/5/9 20:12,2025/5/16 20:12,1000,1000,,高琳
E20250509201208096000043,【超级翻倍膨胀金2000】2025暑期新高一2000元优惠券,已完成,"	18616658597",,0,2025/5/9 20:12,2025/5/16 20:12,1000,1000,,关俊熙
E20250509201208075706195,【超级翻倍膨胀金2000】2025暑期新高一2000元优惠券,已关闭,"	13916015169",退款成功（全额退款）,1000,2025/5/9 20:12,2025/5/16 20:12,1000,1000,,周可媛
E20250509201207014100081,【超级翻倍膨胀金2000】2025暑期新高一2000元优惠券,已关闭,"	13917893815",退款成功（全额退款）,1000,2025/5/9 20:12,,1000,1000,,张果儿
E20250509201206069400063,【超级翻倍膨胀金2000】2025暑期新高一2000元优惠券,已完成,"	13667155936",,0,2025/5/9 20:12,2025/5/16 20:12,1000,1000,,陈怡蘅
E20250509201205055006211,【超级翻倍膨胀金2000】2025暑期新高一2000元优惠券,已关闭,"	13817023965",退款成功（全额退款）,1000,2025/5/9 20:12,2025/5/16 20:12,1000,1000,,覃爱军
E20250509201204090300047,【超级翻倍膨胀金2000】2025暑期新高一2000元优惠券,已完成,"	13585859636",,0,2025/5/9 20:12,2025/5/16 20:12,1000,1000,,王雅君
E20250509201204004406171,【超级翻倍膨胀金2000】2025暑期新高一2000元优惠券,已关闭,"	13069133776",退款成功（全额退款）,1000,2025/5/9 20:12,,1000,1000,,张焱
E20250509201203090200077,【超级翻倍膨胀金2000】2025暑期新高一2000元优惠券,已关闭,"	13917116575",退款成功（全额退款）,1000,2025/5/9 20:12,,1000,1000,,聂晟
E20250509201202101006165,【超级翻倍膨胀金2000】2025暑期新高一2000元优惠券,已关闭,"	13951270911",退款成功（全额退款）,1000,2025/5/9 20:12,2025/5/16 20:12,1000,1000,,许慧
E20250509201202098300075,【超级翻倍膨胀金2000】2025暑期新高一2000元优惠券,已完成,"	18521410515",,0,2025/5/9 20:12,2025/5/16 20:12,1000,1000,,王煦
E20250509201201006306157,【超级翻倍膨胀金2000】2025暑期新高一2000元优惠券,已关闭,"	13817955394",退款成功（全额退款）,1000,2025/5/9 20:12,,1000,1000,,刘萍
E20250509201200069900065,【超级翻倍膨胀金2000】2025暑期新高一2000元优惠券,已关闭,"	13917572607",退款成功（全额退款）,1000,2025/5/9 20:12,,1000,1000,,陈莉
E20250509201159078506211,【超级翻倍膨胀金2000】2025暑期新高一2000元优惠券,已完成,"	18910045533",,0,2025/5/9 20:12,2025/5/16 20:12,1000,1000,,倪艺嘉
E20250509201159036900017,【超级翻倍膨胀金2000】2025暑期新高一2000元优惠券,已完成,"	17717635356",,0,2025/5/9 20:12,2025/5/16 20:12,1000,1000,,张鑫
E20250509201159017106195,【超级翻倍膨胀金2000】2025暑期新高一2000元优惠券,已关闭,"	13934237009",退款成功（全额退款）,1000,2025/5/9 20:12,,1000,1000,,赵原卫
E20250509201158024700003,【超级翻倍膨胀金2000】2025暑期新高一2000元优惠券,已关闭,"	18217258856",退款成功（全额退款）,1000,2025/5/9 20:12,,1000,1000,,王思源
E20250509201158020606207,【超级翻倍膨胀金2000】2025暑期新高一2000元优惠券,已完成,"	13918456791",,0,2025/5/9 20:12,2025/5/16 20:12,1000,1000,,夏女士
E20250509201157088406189,【超级翻倍膨胀金2000】2025暑期新高一2000元优惠券,已完成,"	18017681053",,0,2025/5/9 20:12,2025/5/16 20:12,1000,1000,,杨镇赫
E20250509201157047600043,【超级翻倍膨胀金2000】2025暑期新高一2000元优惠券,已关闭,"	13501761028",退款成功（全额退款）,1000,2025/5/9 20:12,,1000,1000,,逄莹
E20250509201156066406187,【超级翻倍膨胀金2000】2025暑期新高一2000元优惠券,已完成,"	18768143739",,0,2025/5/9 20:12,2025/5/16 20:12,1000,1000,,孟凡哲
E20250509201156017600043,【超级翻倍膨胀金2000】2025暑期新高一2000元优惠券,已完成,"	18616594791",,0,2025/5/9 20:12,2025/5/16 20:12,1000,1000,,向以恒
E20250509201154058200069,【超级翻倍膨胀金2000】2025暑期新高一2000元优惠券,已关闭,"	13918902518",退款成功（全额退款）,1000,2025/5/9 20:12,,1000,1000,,陶姿颖
E20250509201153055306167,【超级翻倍膨胀金2000】2025暑期新高一2000元优惠券,已完成,"	13301968675",,0,2025/5/9 20:12,2025/5/16 20:12,1000,1000,,郑
E20250509201151102200029,【超级翻倍膨胀金2000】2025暑期新高一2000元优惠券,已关闭,"	13002162066",退款成功（全额退款）,1000,2025/5/9 20:12,,1000,1000,,李春霞
E20250509201150041200011,【超级翻倍膨胀金2000】2025暑期新高一2000元优惠券,已关闭,"	13764514804",退款成功（全额退款）,1000,2025/5/9 20:11,,1000,1000,,陈宥凝
E20250509201150000906183,【超级翻倍膨胀金2000】2025暑期新高一2000元优惠券,已完成,"	17701720004",,0,2025/5/9 20:11,2025/5/16 20:12,1000,1000,,徐
E20250509201149099100069,【超级翻倍膨胀金2000】2025暑期新高一2000元优惠券,已完成,"	18917917171",,0,2025/5/9 20:11,2025/5/16 20:12,1000,1000,,杜彬彬
E20250509201146011200023,【超级翻倍膨胀金2000】2025暑期新高一2000元优惠券,已关闭,"	13918299046",退款成功（全额退款）,1000,2025/5/9 20:11,,1000,1000,,皮小姐
E20250509201144093700023,【超级翻倍膨胀金2000】2025暑期新高一2000元优惠券,已完成,"	15000170227",,0,2025/5/9 20:11,2025/5/16 20:11,1000,1000,,高淳
E20250509201143084506183,【超级翻倍膨胀金2000】2025暑期新高一2000元优惠券,已完成,"	13501843344",,0,2025/5/9 20:11,2025/5/16 20:11,1000,1000,,黄陈睿琦同学
E20250509201142015100025,【超级翻倍膨胀金2000】2025暑期新高一2000元优惠券,已完成,"	18055378326",,0,2025/5/9 20:11,2025/5/16 20:11,1000,1000,,丁恩康
E20250509201142007500073,【超级翻倍膨胀金2000】2025暑期新高一2000元优惠券,已关闭,"	13917680926",退款成功（全额退款）,1000,2025/5/9 20:11,,1000,1000,,杨女士
E20250509201141044706197,【超级翻倍膨胀金2000】2025暑期新高一2000元优惠券,已关闭,"	13818593946",退款成功（全额退款）,1000,2025/5/9 20:11,,1000,1000,,江晨燕
E20250509201140019706147,【超级翻倍膨胀金2000】2025暑期新高一2000元优惠券,已完成,"	13671814260",,0,2025/5/9 20:11,2025/5/16 20:11,1000,1000,,小赵
E20250509201139018800019,【超级翻倍膨胀金2000】2025暑期新高一2000元优惠券,已完成,"	13818039191",,0,2025/5/9 20:11,2025/5/16 20:11,1000,1000,,王仁鹏
E20250509201138075400035,【超级翻倍膨胀金2000】2025暑期新高一2000元优惠券,已完成,"	18621909963",,0,2025/5/9 20:11,2025/5/16 20:11,1000,1000,,石颢哲
E20250509201136043106197,【超级翻倍膨胀金2000】2025暑期新高一2000元优惠券,已关闭,"	18917551981",退款成功（全额退款）,1000,2025/5/9 20:11,,1000,1000,,殷晟皓
E20250509201135091306157,【超级翻倍膨胀金2000】2025暑期新高一2000元优惠券,已关闭,"	13916538735",退款成功（全额退款）,1000,2025/5/9 20:11,,1000,1000,,洪海晨
E20250509201135061800067,【超级翻倍膨胀金2000】2025暑期新高一2000元优惠券,已关闭,"	13120623280",退款成功（全额退款）,1000,2025/5/9 20:11,,1000,1000,,孙立明
E20250509201135057106155,【超级翻倍膨胀金2000】2025暑期新高一2000元优惠券,已完成,"	13916290752",,0,2025/5/9 20:11,2025/5/16 20:11,1000,1000,,褚筱瑜
E20250509201134095300099,【超级翻倍膨胀金2000】2025暑期新高一2000元优惠券,已关闭,"	13671783615",退款成功（全额退款）,1000,2025/5/9 20:11,,1000,1000,,殷茵
E20250509201134067706215,【超级翻倍膨胀金2000】2025暑期新高一2000元优惠券,已关闭,"	13331909127",退款成功（全额退款）,1000,2025/5/9 20:11,,1000,1000,,李敏
E20250509201134055106193,【超级翻倍膨胀金2000】2025暑期新高一2000元优惠券,已关闭,"	13818093223",退款成功（全额退款）,1000,2025/5/9 20:11,,1000,1000,"	黄逸群",金京花
E20250509201134032800007,【超级翻倍膨胀金2000】2025暑期新高一2000元优惠券,已完成,"	15800501308",,0,2025/5/9 20:11,2025/5/16 20:11,1000,1000,,刘欣妍
E20250509201134022706193,【超级翻倍膨胀金2000】2025暑期新高一2000元优惠券,已完成,"	13817772860",,0,2025/5/9 20:11,2025/5/16 20:11,1000,1000,,周唐
E20250509201134003206193,【超级翻倍膨胀金2000】2025暑期新高一2000元优惠券,已关闭,"	13774265445",退款成功（全额退款）,1000,2025/5/9 20:11,,1000,1000,,陈逸宸
E20250509201133069400045,【超级翻倍膨胀金2000】2025暑期新高一2000元优惠券,已关闭,"	13651740841",退款成功（全额退款）,1000,2025/5/9 20:12,,1000,1000,,寻
E20250509201133004000079,【超级翻倍膨胀金2000】2025暑期新高一2000元优惠券,已完成,"	13501968355",,0,2025/5/9 20:11,2025/5/16 20:11,1000,1000,,梁栋海
E20250509201132102006203,【超级翻倍膨胀金2000】2025暑期新高一2000元优惠券,已完成,"	15502141611",,0,2025/5/9 20:11,2025/5/16 20:11,1000,1000,,孙梦瑶
E20250509201132089500019,【超级翻倍膨胀金2000】2025暑期新高一2000元优惠券,已完成,"	13611753564",,0,2025/5/9 20:11,2025/5/16 20:11,1000,1000,,孟女士
E20250509201132085700051,【超级翻倍膨胀金2000】2025暑期新高一2000元优惠券,已关闭,"	15800304866",退款成功（全额退款）,1000,2025/5/9 20:11,,1000,1000,,陈明哲
E20250509201132078500031,【超级翻倍膨胀金2000】2025暑期新高一2000元优惠券,已关闭,"	18917709695",退款成功（全额退款）,1000,2025/5/9 20:12,,1000,1000,,张先生
E20250509201131082106185,【超级翻倍膨胀金2000】2025暑期新高一2000元优惠券,已关闭,"	13817034309",退款成功（全额退款）,1000,2025/5/9 20:11,,1000,1000,,ht
E20250509201131064806209,【超级翻倍膨胀金2000】2025暑期新高一2000元优惠券,已关闭,"	13512186339",退款成功（全额退款）,1000,2025/5/9 20:11,,1000,1000,,zyw
E20250509201130051100039,【超级翻倍膨胀金2000】2025暑期新高一2000元优惠券,已关闭,"	18621845565",退款成功（全额退款）,1000,2025/5/9 20:11,,1000,1000,,吴春娟
E20250509201130042206187,【超级翻倍膨胀金2000】2025暑期新高一2000元优惠券,已关闭,"	13917580881",退款成功（全额退款）,1000,2025/5/9 20:11,,1000,1000,,朱浩文
E20250509201130031506187,【超级翻倍膨胀金2000】2025暑期新高一2000元优惠券,已关闭,"	13512108594",退款成功（全额退款）,1000,2025/5/9 20:11,2025/5/16 20:11,1000,1000,,宋青梅
E20250509201129020006145,【超级翻倍膨胀金2000】2025暑期新高一2000元优惠券,已完成,"	13621944757",,0,2025/5/9 20:11,2025/5/16 20:11,1000,1000,,季
E20250509201129015400037,【超级翻倍膨胀金2000】2025暑期新高一2000元优惠券,已完成,"	13817034172",,0,2025/5/9 20:11,2025/5/16 20:11,1000,1000,,陆
E20250509201129008406175,【超级翻倍膨胀金2000】2025暑期新高一2000元优惠券,已关闭,"	18516383826",退款成功（全额退款）,1000,2025/5/9 20:11,,1000,1000,,姚女士
E20250509201128053800001,【超级翻倍膨胀金2000】2025暑期新高一2000元优惠券,已关闭,"	13331813915",退款成功（全额退款）,1000,2025/5/9 20:12,,1000,1000,,张金鹤
E20250509201128040806179,【超级翻倍膨胀金2000】2025暑期新高一2000元优惠券,已关闭,"	13361885112",退款成功（全额退款）,1000,2025/5/9 20:11,,1000,1000,,王一珺
E20250509201128030700055,【超级翻倍膨胀金2000】2025暑期新高一2000元优惠券,已关闭,"	13918419208",退款成功（全额退款）,1000,2025/5/9 20:11,,1000,1000,,郗岳
E20250509201128021600051,【超级翻倍膨胀金2000】2025暑期新高一2000元优惠券,已完成,"	13917743327",,0,2025/5/9 20:11,2025/5/16 20:11,1000,1000,,张宬彦
E20250509201128007600001,【超级翻倍膨胀金2000】2025暑期新高一2000元优惠券,已完成,"	18116173582",,0,2025/5/9 20:11,2025/5/16 20:11,1000,1000,,李娟
E20250509201127090006203,【超级翻倍膨胀金2000】2025暑期新高一2000元优惠券,已完成,"	18221870374",,0,2025/5/9 20:11,2025/5/16 20:11,1000,1000,,孔桂娟
E20250509201127078606215,【超级翻倍膨胀金2000】2025暑期新高一2000元优惠券,已完成,"	13918196062",,0,2025/5/9 20:11,2025/5/16 20:11,1000,1000,,倪婷玉
E20250509201127065400049,【超级翻倍膨胀金2000】2025暑期新高一2000元优惠券,已完成,"	18217341090",,0,2025/5/9 20:11,2025/5/16 20:11,1000,1000,,李敏
E20250509201127032406171,【超级翻倍膨胀金2000】2025暑期新高一2000元优惠券,已关闭,"	13816095224",退款成功（全额退款）,1000,2025/5/9 20:11,2025/5/16 20:11,1000,1000,,孔令雯
E20250509201127003206213,【超级翻倍膨胀金2000】2025暑期新高一2000元优惠券,已关闭,"	13701768455",退款成功（全额退款）,1000,2025/5/9 20:11,,1000,1000,,徐岚
E20250509201126070706173,【超级翻倍膨胀金2000】2025暑期新高一2000元优惠券,已完成,"	13632235357",,0,2025/5/9 20:11,2025/5/16 20:11,1000,1000,,吴蓉蓉
E20250509201126052200061,【超级翻倍膨胀金2000】2025暑期新高一2000元优惠券,已完成,"	13761332024",,0,2025/5/9 20:11,2025/5/16 20:11,1000,1000,,张女士
E20250509201126013800009,【超级翻倍膨胀金2000】2025暑期新高一2000元优惠券,已完成,"	13917273991",,0,2025/5/9 20:11,2025/5/16 20:11,1000,1000,,王婷
E20250509201126002906191,【超级翻倍膨胀金2000】2025暑期新高一2000元优惠券,已完成,"	13788912955",,0,2025/5/9 20:11,2025/5/16 20:11,1000,1000,,陈霜
E20250509201125094900023,【超级翻倍膨胀金2000】2025暑期新高一2000元优惠券,已完成,"	18521091216",,0,2025/5/9 20:11,2025/5/16 20:11,1000,1000,,陆
E20250509201125040806203,【超级翻倍膨胀金2000】2025暑期新高一2000元优惠券,已关闭,"	13816057138",退款成功（全额退款）,1000,2025/5/9 20:12,,1000,1000,,宋永轩
E20250509201125039406195,【超级翻倍膨胀金2000】2025暑期新高一2000元优惠券,已完成,"	13816827396",,0,2025/5/9 20:11,2025/5/16 20:11,1000,1000,,周鹿影
E20250509201125022506187,【超级翻倍膨胀金2000】2025暑期新高一2000元优惠券,已完成,"	13917439909",,0,2025/5/9 20:11,2025/5/16 20:11,1000,1000,,张书龄
E20250509201125021706169,【超级翻倍膨胀金2000】2025暑期新高一2000元优惠券,已完成,"	13816722130",,0,2025/5/9 20:11,2025/5/16 20:11,1000,1000,,戴徐安然
E20250509201123034400019,【超级翻倍膨胀金2000】2025暑期新高一2000元优惠券,已关闭,"	18217675029",退款成功（全额退款）,1000,2025/5/9 20:11,,1000,1000,,倪洁
E20250509201121042000031,【超级翻倍膨胀金2000】2025暑期新高一2000元优惠券,已关闭,"	13621630784",退款成功（全额退款）,1000,2025/5/9 20:11,,1000,1000,,叶
E20250509201121010906165,【超级翻倍膨胀金2000】2025暑期新高一2000元优惠券,已关闭,"	13681882802",退款成功（全额退款）,1000,2025/5/9 20:11,,1000,1000,,刘女士
E20250509201120094406217,【超级翻倍膨胀金2000】2025暑期新高一2000元优惠券,已关闭,"	13032137127",退款成功（全额退款）,1000,2025/5/9 20:11,,1000,1000,,黄泽楷
E20250509201120087500029,【超级翻倍膨胀金2000】2025暑期新高一2000元优惠券,已完成,"	13817923766",,0,2025/5/9 20:11,2025/5/16 20:11,1000,1000,,孙铭勋
E20250509201120025500037,【超级翻倍膨胀金2000】2025暑期新高一2000元优惠券,已关闭,"	18930174005",退款成功（全额退款）,1000,2025/5/9 20:11,,1000,1000,,朱幽米
E20250509201119052100061,【超级翻倍膨胀金2000】2025暑期新高一2000元优惠券,已关闭,"	13817280332",退款成功（全额退款）,1000,2025/5/9 20:11,,1000,1000,,罗青
E20250509201119013200063,【超级翻倍膨胀金2000】2025暑期新高一2000元优惠券,已完成,"	13818396687",,0,2025/5/9 20:11,2025/5/16 20:11,1000,1000,,沈芯菲
E20250509201118041200059,【超级翻倍膨胀金2000】2025暑期新高一2000元优惠券,已完成,"	13761059232",,0,2025/5/9 20:11,2025/5/16 20:11,1000,1000,,钟星
E20250509201118027300057,【超级翻倍膨胀金2000】2025暑期新高一2000元优惠券,已完成,"	13918563762",,0,2025/5/9 20:11,2025/5/16 20:11,1000,1000,,李简
E20250509201117047600051,【超级翻倍膨胀金2000】2025暑期新高一2000元优惠券,已完成,"	15801841867",,0,2025/5/9 20:11,2025/5/16 20:11,1000,1000,,彭瑾宸
E20250509201117047100069,【超级翻倍膨胀金2000】2025暑期新高一2000元优惠券,已关闭,"	13585773047",退款成功（全额退款）,1000,2025/5/9 20:11,,1000,1000,,韩相宜
E20250509201117035206179,【超级翻倍膨胀金2000】2025暑期新高一2000元优惠券,已完成,"	15901655217",,0,2025/5/9 20:11,2025/5/16 20:11,1000,1000,,李若宁
E20250509201117033106169,【超级翻倍膨胀金2000】2025暑期新高一2000元优惠券,已完成,"	18913237421",,0,2025/5/9 20:11,2025/5/16 20:11,1000,1000,,许女士
E20250509201116093306167,【超级翻倍膨胀金2000】2025暑期新高一2000元优惠券,已关闭,"	13817943353",退款成功（全额退款）,1000,2025/5/9 20:11,,1000,1000,,张玲华
E20250509201116080400075,【超级翻倍膨胀金2000】2025暑期新高一2000元优惠券,已完成,"	18621865138",,0,2025/5/9 20:11,2025/5/16 20:11,1000,1000,,曹宸逸
E20250509201116047500061,【超级翻倍膨胀金2000】2025暑期新高一2000元优惠券,已完成,"	18017762006",,0,2025/5/9 20:11,2025/5/16 20:11,1000,1000,,何绯雨
E20250509201116041500051,【超级翻倍膨胀金2000】2025暑期新高一2000元优惠券,已完成,"	18621686521",,0,2025/5/9 20:11,2025/5/16 20:11,1000,1000,,石沐遥
E20250509201116038306161,【超级翻倍膨胀金2000】2025暑期新高一2000元优惠券,已完成,"	18017768166",,0,2025/5/9 20:11,2025/5/16 20:11,1000,1000,,周靖轩
E20250509201115088900073,【超级翻倍膨胀金2000】2025暑期新高一2000元优惠券,已关闭,"	15900825728",退款成功（全额退款）,1000,2025/5/9 20:11,,1000,1000,,刘
E20250509201115010706185,【超级翻倍膨胀金2000】2025暑期新高一2000元优惠券,已关闭,"	13801901116",退款成功（全额退款）,1000,2025/5/9 20:11,,1000,1000,,李勇晶
E20250509201114100906167,【超级翻倍膨胀金2000】2025暑期新高一2000元优惠券,已完成,"	18616816073",,0,2025/5/9 20:11,2025/5/16 20:11,1000,1000,,严
E20250509201114039500061,【超级翻倍膨胀金2000】2025暑期新高一2000元优惠券,已关闭,"	15026861807",退款成功（全额退款）,1000,2025/5/9 20:11,,1000,1000,,葛敏珠
E20250509201113099100007,【超级翻倍膨胀金2000】2025暑期新高一2000元优惠券,已完成,"	13816621283",,0,2025/5/9 20:11,2025/5/16 20:11,1000,1000,,陈瑜
E20250509201113098406163,【超级翻倍膨胀金2000】2025暑期新高一2000元优惠券,已关闭,"	13916986004",退款成功（全额退款）,1000,2025/5/9 20:11,,1000,1000,,李永
E20250509201113098400029,【超级翻倍膨胀金2000】2025暑期新高一2000元优惠券,已完成,"	13817084469",,0,2025/5/9 20:11,2025/5/16 20:11,1000,1000,,贺怀艳
E20250509201112092800041,【超级翻倍膨胀金2000】2025暑期新高一2000元优惠券,已关闭,"	13816889859",退款成功（全额退款）,1000,2025/5/9 20:11,,1000,1000,,李
E20250509201112015706147,【超级翻倍膨胀金2000】2025暑期新高一2000元优惠券,已完成,"	13818392660",,0,2025/5/9 20:11,2025/5/16 20:11,1000,1000,,吴静华
E20250509201111023206223,【超级翻倍膨胀金2000】2025暑期新高一2000元优惠券,已完成,"	13636332215",,0,2025/5/9 20:11,2025/5/16 20:11,1000,1000,,包
E20250509201111012500003,【超级翻倍膨胀金2000】2025暑期新高一2000元优惠券,已完成,"	18918130686",,0,2025/5/9 20:11,2025/5/16 20:11,1000,1000,,周艺琳
E20250509201110002100069,【超级翻倍膨胀金2000】2025暑期新高一2000元优惠券,已完成,"	18964671097",,0,2025/5/9 20:11,2025/5/16 20:11,1000,1000,,殷莹
E20250509201109074300009,【超级翻倍膨胀金2000】2025暑期新高一2000元优惠券,已完成,"	13916760778",,0,2025/5/9 20:11,2025/5/16 20:11,1000,1000,,黄
E20250509201109025700019,【超级翻倍膨胀金2000】2025暑期新高一2000元优惠券,已关闭,"	18918482302",退款成功（全额退款）,1000,2025/5/9 20:11,2025/5/16 20:11,1000,1000,,熊先生
E20250509201108077706195,【超级翻倍膨胀金2000】2025暑期新高一2000元优惠券,已完成,"	13764153175",,0,2025/5/9 20:11,2025/5/16 20:11,1000,1000,,王小芬
E20250509201108053300079,【超级翻倍膨胀金2000】2025暑期新高一2000元优惠券,已完成,"	15900829494",,0,2025/5/9 20:11,2025/5/16 20:11,1000,1000,,唐子轩
E20250509201107065800015,【超级翻倍膨胀金2000】2025暑期新高一2000元优惠券,已完成,"	13764300653",,0,2025/5/9 20:11,2025/5/16 20:11,1000,1000,,朱蜜蜜
E20250509201107054100069,【超级翻倍膨胀金2000】2025暑期新高一2000元优惠券,已关闭,"	13761290175",退款成功（全额退款）,1000,2025/5/9 20:11,,1000,1000,,韩瑮君
E20250509201106025400077,【超级翻倍膨胀金2000】2025暑期新高一2000元优惠券,已完成,"	13917175273",,0,2025/5/9 20:11,2025/5/16 20:11,1000,1000,,陈辰
E20250509201105073200001,【超级翻倍膨胀金2000】2025暑期新高一2000元优惠券,已完成,"	15021887801",,0,2025/5/9 20:11,2025/5/16 20:11,1000,1000,,陈女士
E20250509201102024500073,【超级翻倍膨胀金2000】2025暑期新高一2000元优惠券,已关闭,"	13918273795",退款成功（全额退款）,1000,2025/5/9 20:11,,1000,1000,,张女士
E20250509201054092106199,【超级翻倍膨胀金2000】2025暑期新高一2000元优惠券,已完成,"	18621122168",,0,2025/5/9 20:11,2025/5/16 20:11,1000,1000,,顾文君
E20250509200724033900001,【超级翻倍膨胀金2000】2025暑期新高一2000元优惠券,已完成,"	18018313262",,0,2025/5/9 20:07,2025/5/16 20:07,1000,1000,,陈蔚然
E20250509200417088506209,【超级翻倍膨胀金2000】2025暑期新高一2000元优惠券,已完成,"	18917504185",,0,2025/5/9 20:04,2025/5/16 20:04,1000,1000,,陈滟宁
E20250509200346047400015,【超级翻倍膨胀金2000】2025暑期新高一2000元优惠券,已完成,"	13585768553",,0,2025/5/9 20:03,2025/5/16 20:04,1000,1000,,胡思乐
E20250509200210062600017,【超级翻倍膨胀金2000】2025暑期新高一2000元优惠券,已完成,"	13918247637",,0,2025/5/9 20:02,2025/5/16 20:02,1000,1000,,何紫涵
E20250509195327096506165,【超级翻倍膨胀金2000】2025暑期新高一2000元优惠券,已完成,"	13795208287",,0,2025/5/9 19:53,2025/5/16 19:53,1000,1000,,桂源
E20250509193414094300027,【超级翻倍膨胀金2000】2025暑期新高一2000元优惠券,已完成,"	13916468376",,0,2025/5/9 19:34,2025/5/16 19:34,1000,1000,,陆奕铭
E20250509192559003806183,【超级翻倍膨胀金2000】2025暑期新高一2000元优惠券,已完成,"	13817991503",,0,2025/5/9 19:26,2025/5/16 19:26,1000,1000,,龙星图
E20250509185944067006189,【超级翻倍膨胀金2000】2025暑期新高一2000元优惠券,已完成,"	13701894216",,0,2025/5/9 18:59,2025/5/16 18:59,1000,1000,,胡嘉豪
E20250509185146081106205,【超级翻倍膨胀金2000】2025暑期新高一2000元优惠券,已完成,"	13818529203",,0,2025/5/9 18:51,2025/5/16 18:51,1000,1000,,申长元
E20250509184309060200053,【超级翻倍膨胀金2000】2025暑期新高一2000元优惠券,已完成,"	13915481573",,0,2025/5/9 18:43,2025/5/16 18:43,1000,1000,,胡禹漕
E20250509180222092500023,【超级翻倍膨胀金2000】2025暑期新高一2000元优惠券,已完成,"	18621957036",,0,2025/5/9 18:02,2025/5/16 18:02,1000,1000,,张知行
E20250509164638061400077,【超级翻倍膨胀金2000】2025暑期新高一2000元优惠券,已完成,"	13817777816",,0,2025/5/9 16:46,2025/5/16 16:46,1000,1000,,朱宇宸
E20250508220430015906165,【超级翻倍膨胀金2000】2025暑期新高一2000元优惠券,已关闭,"	15870865081",退款成功（全额退款）,1000,2025/5/8 22:04,,1000,1000,,总部测试
E20250508220246016200053,【超级翻倍膨胀金2000】2025暑期新高一2000元优惠券,已完成,"	15800457158",,0,2025/5/8 22:02,2025/5/15 22:02,1000,1000,,总部测试
